Submission ID,cup_assumptions,spent_assumptions,eq_assumptions,brewing_cost
ylqbBg,2,1.0,750,0
YZzBdN,2,1.6666666666666667,75,150
VZ17Z6,1,1.0,200,1000
RzBeZj,5,1.6666666666666667,400,60
WApbkQ,2,2.3333333333333335,1250,40
0Ej0WA,2,5.0,200,700
9dJYlQ,2,1.0,75,740
bl41Zg,0,0.3333333333333333,35,0
eBxG20,3,1.0,1250,0
NAB2qB,2,2.3333333333333335,1250,0
RzBqoJ,2,1.6666666666666667,750,0
5dqajd,5,5.0,400,0
VZ1W0E,5,5.0,750,0
NABN5G,5,1.6666666666666667,200,1600
6dQY8o,2,5.0,1250,0
WAp6va,5,2.3333333333333335,1250,540
OABqQp,2,1.0,35,0
jB9r21,1,5.0,1250,100
pLPYLE,2,1.6666666666666667,1250,0
g5NPxK,2,1.6666666666666667,1250,0
bl41kE,2,3.0,750,40
GrBO1z,2,1.6666666666666667,200,35
xdN8Q9,2,1.6666666666666667,750,500
vNx8Xv,1,1.0,75,0
dY2JPN,2,1.0,75,40
MAdjLE,2,5.0,1250,200
6dQ6xo,3,1.6666666666666667,1250,540
7d97lZ,2,5.0,35,0
0EjqPQ,3,1.6666666666666667,400,0
BGbJD4,1,1.0,200,0
9dJYbp,3,1.0,200,580
xdNbJ9,1,1.0,400,90
pLPNQJ,1,1.6666666666666667,400,540
AlbMLW,2,3.0,750,40
EPboPq,3,5.0,750,590
ylq8yW,3,1.0,35,0
J2kEDz,1,1.0,750,0
24x9Lg,2,1.0,400,115
0EjYb6,3,5.0,1250,235
ZdRb6a,2,1.0,750,725
WApbdP,3,1.0,400,150
24xY69,2,1.0,35,540
RzBqWd,1,1.6666666666666667,200,40
RzBqLv,5,1.6666666666666667,750,240
oAV8d5,3,1.6666666666666667,750,575
oAV8OM,2,2.3333333333333335,1250,0
AlbYyW,1,1.0,200,650
KMB4kk,1,2.3333333333333335,35,40
42N0Kd,2,2.3333333333333335,400,35
0Ej0VZ,1,0.3333333333333333,35,650
rlrQQo,1,1.0,10,50
vNx84X,2,1.6666666666666667,1250,0
OABxLk,1,2.3333333333333335,1250,0
MAd2V0,1,0.3333333333333333,10,35
8dpbGk,2,3.0,1250,630
zKQ8ja,1,1.0,1250,80
YZzBLJ,1,2.3333333333333335,75,500
QABNdl,3,1.6666666666666667,750,580
8dpbko,2,5.0,1250,0
XeB6Ee,4,3.0,1250,540
KMBroK,0,0.3333333333333333,10,0
24x9rg,1,1.0,400,35
dY2JjD,2,1.0,400,340
LdMjyz,1,1.0,750,185
9dJYM1,4,1.6666666666666667,400,540
kYR4rj,2,1.0,75,1540
pLPN7q,1,1.6666666666666667,1250,100
6dQ0eO,0,0.3333333333333333,1250,0
42NlLd,2,1.0,750,500
LdMxaj,2,2.3333333333333335,750,630
BGbJZ4,2,2.3333333333333335,1250,640
J2kER7,2,1.0,200,0
eBxgQO,0,0.3333333333333333,200,500
J2kELz,2,1.0,200,100
LdMjqJ,5,5.0,750,540
oAVNeM,3,1.0,75,650
oAVZ95,2,1.6666666666666667,750,90
eBxGvE,5,2.3333333333333335,1250,690
g5NPYO,3,1.6666666666666667,200,50
xdNbxo,2,1.0,75,40
zKQ8ZZ,3,2.3333333333333335,400,540
rlrQxl,2,1.0,400,540
VZ1W8N,2,1.6666666666666667,750,0
WAp6PN,2,1.0,1250,40
DVvo9l,3,1.6666666666666667,1250,0
ylqAdB,5,1.6666666666666667,200,600
EPbo0L,5,3.0,750,500
ylqAY6,1,1.0,200,150
AlbR7B,3,1.6666666666666667,400,40
EPbVxA,0,1.6666666666666667,750,75
BGboo4,2,2.3333333333333335,750,80
dY2GGD,0,0.3333333333333333,10,560
oAV8o5,2,1.6666666666666667,200,600
WApa9N,0,0.3333333333333333,10,40
BGbJE5,0,0.3333333333333333,75,540
0EjzA9,2,1.6666666666666667,750,540
vNx6YX,2,1.0,400,35
WApaAQ,2,1.6666666666666667,1250,90
J2krZX,3,1.6666666666666667,200,40
oAVN6V,2,1.6666666666666667,750,650
VZ1WVN,0,0.3333333333333333,35,50
42Nlko,2,1.6666666666666667,1250,580
RzBq4P,0,1.0,1250,0
1r2QM4,1,0.3333333333333333,1250,225
LdM4d2,2,0.3333333333333333,200,200
42N0dB,3,1.0,200,90
jB98M9,2,1.6666666666666667,400,0
5dq0yE,3,1.0,1250,500
YZzb4N,1,1.6666666666666667,750,540
QABq7Y,1,1.6666666666666667,1250,60
PABQDd,1,1.0,200,590
9dJY7E,2,1.0,200,500
24xYgM,1,1.6666666666666667,750,40
KMB25K,2,1.0,400,590
GrBEvo,3,1.6666666666666667,750,500
rlrQrv,2,2.3333333333333335,200,1000
LdMxpz,2,2.3333333333333335,200,40
ZdRblA,2,1.0,1250,190
bl4My7,3,1.6666666666666667,75,540
XeB72d,1,1.0,750,40
zKQBXq,2,0.3333333333333333,1250,590
rlr9Yv,2,1.0,35,590
dY2GNy,1,1.0,35,665
zKQA18,0,1.6666666666666667,200,540
ZdRAAV,3,1.0,400,60
VZ17Ev,1,1.6666666666666667,400,75
NAB2Ab,3,1.6666666666666667,400,1040
rlr9yM,3,1.6666666666666667,750,145
5dqYbv,3,2.3333333333333335,1250,0
AlbRKW,1,1.6666666666666667,1250,190
ylqb6X,2,1.0,750,0
dY2oKz,1,1.6666666666666667,400,60
oAVN61,2,1.0,750,580
rlr9yv,3,1.6666666666666667,400,625
kYR4Nr,2,1.0,1250,730
zKQ4kq,2,1.0,1250,60
RzBeoP,2,1.0,200,650
24xYJL,1,0.3333333333333333,200,90
ZdRAWA,4,2.3333333333333335,1250,650
rlr9OL,2,1.6666666666666667,1250,600
PABQdQ,4,1.6666666666666667,35,590
1r20NQ,3,1.6666666666666667,1250,190
qbEqj2,2,1.0,75,40
g5NV9P,2,1.0,1250,115
42NY8Y,1,0.3333333333333333,75,50
GrBVJp,1,1.0,200,100
7d90RL,2,3.0,200,540
lNl8WV,1,1.0,400,580
vNxaEA,2,1.6666666666666667,400,0
0EjY5P,1,1.0,200,1540
eBxO5q,0,0.3333333333333333,35,0
lNlXyB,1,1.0,75,0
1r2Yx4,3,1.6666666666666667,750,590
1r20WM,1,1.0,1250,50
J2krad,2,1.0,200,625
DVvo05,2,1.6666666666666667,200,100
VZ1aJj,1,1.0,750,40
aBrJxZ,1,0.3333333333333333,200,40
9dJ0qG,1,1.0,200,540
PABN1x,3,1.0,750,595
8dpDDk,1,3.0,400,580
VZ1WYN,2,1.0,200,0
jB98WY,2,1.0,750,0
xdN8yk,5,1.6666666666666667,1250,40
rlr8LX,1,1.6666666666666667,75,40
GrBODO,5,1.0,1250,535
7d97a0,1,1.0,200,60
WApale,1,1.0,1250,580
oAV8dN,2,1.6666666666666667,1250,40
5dqaeZ,3,3.0,1250,35
g5N8v4,2,2.3333333333333335,1250,40
oAV8lb,1,1.6666666666666667,75,40
jB9871,2,1.6666666666666667,200,40
9dJA2E,1,1.0,1250,540
PABZBx,1,1.0,750,40
DVvRWR,1,1.6666666666666667,1250,35
dY2JDV,4,5.0,750,540
bl41Y1,1,0.3333333333333333,75,40
rlr8vR,2,3.0,1250,540
xdN89d,3,1.6666666666666667,750,540
kYR8Jo,2,3.0,750,210
YZz7xW,1,2.3333333333333335,1250,125
rlr8k2,1,1.0,400,1075
7d97ER,1,1.0,200,725
GrBOBO,2,1.6666666666666667,1250,40
42NlPr,3,1.6666666666666667,750,540
XeB6OP,1,1.6666666666666667,75,580
VZ1W4y,5,5.0,1250,540
kYR8ve,2,1.0,200,540
YZz7oN,2,1.0,750,580
OABxYM,2,1.0,200,60
xdN8lv,1,0.3333333333333333,200,540
eBxgYk,1,1.6666666666666667,400,550
RzBqj9,2,0.3333333333333333,750,150
1r2QGg,2,2.3333333333333335,750,690
MAdj6k,3,5.0,1250,190
OABxER,1,1.0,75,40
BGbJ0K,2,1.0,750,35
qbE8jO,5,1.6666666666666667,750,500
kYR8ze,1,5.0,200,590
GrBODQ,5,1.0,200,595
vNx8KD,2,1.6666666666666667,400,575
oAV8VN,1,1.0,400,85
VZ1Wxg,2,1.6666666666666667,750,600
24x9Oe,2,1.6666666666666667,750,75
KMBrO8,1,1.0,1250,50
WApa1v,1,1.0,200,75
bl41gL,1,0.3333333333333333,75,0
ylq8e8,3,1.0,200,100
24x9ZL,2,5.0,400,40
MAdjGM,2,1.0,200,50
24x9Zj,1,1.0,1250,80
rlr8kR,2,1.6666666666666667,200,0
g5N8pl,2,1.6666666666666667,400,100
rlr8qN,3,1.0,75,575
ylq87g,1,1.0,750,630
GrBO7Z,3,5.0,1250,40
NAB2Rj,1,1.0,1250,500
RzBqkj,2,1.6666666666666667,1250,40
xdN86r,1,1.0,200,50
9dJArQ,1,5.0,1250,40
EPboa4,2,3.0,200,600
WApaQN,1,1.0,10,40
42NlN5,1,1.0,200,540
AlbM50,2,1.6666666666666667,75,150
QABNap,2,0.3333333333333333,10,540
dY2Jkd,1,1.6666666666666667,200,40
RzBqr9,1,1.6666666666666667,750,540
lNl89W,3,3.0,75,0
PABZGB,1,3.0,75,80
RzBqjj,1,1.6666666666666667,750,0
LdM4ov,1,1.0,1250,540
GrBO5k,2,1.6666666666666667,400,540
ZdRbWo,2,3.0,750,540
AlbMQD,1,1.0,75,0
42NlqX,1,1.0,1250,40
24x9D9,3,1.0,75,540
QABNE7,5,3.0,200,190
6dQ6QN,2,1.6666666666666667,200,150
KMBrkV,1,1.0,750,60
g5N8NJ,2,1.6666666666666667,1250,1000
aBrpab,0,1.0,35,40
bl41vZ,2,0.3333333333333333,35,1000
qbE8NG,2,5.0,1250,60
eBxgoe,2,1.0,200,40
aBrpkB,2,2.3333333333333335,75,40
vNx8g0,1,1.0,35,540
NAB2Ol,1,2.3333333333333335,200,560
GrBObk,2,1.0,750,130
kYR8x1,1,5.0,400,60
g5N8z4,2,1.0,200,40
lNl8zv,2,1.6666666666666667,1250,60
jB98z4,2,1.0,200,90
RzBqVj,1,1.6666666666666667,1250,540
BGbJ6Q,2,5.0,750,250
QABN8Y,3,2.3333333333333335,200,250
24x9o9,1,1.6666666666666667,1250,580
BGbJ9Q,2,1.0,35,240
PABZrV,2,1.0,1250,540
lNl84k,2,5.0,1250,90
rlr8YR,3,3.0,1250,40
zKQ8L0,1,1.6666666666666667,1250,690
NAB2El,2,3.0,35,540
9dJAMV,3,2.3333333333333335,750,35
YZz79J,2,1.6666666666666667,10,560
5dqaod,2,1.6666666666666667,200,165
GrBOgp,1,5.0,200,500
dY2Jgo,3,1.6666666666666667,200,540
AlbMAe,2,1.0,400,40
XeB6d4,5,5.0,1250,540
QABNX8,1,1.0,750,240
1r2QBp,2,1.6666666666666667,1250,0
VZ1WY6,2,1.6666666666666667,200,500
6dQ6MJ,1,1.6666666666666667,750,140
oAV8vx,2,1.0,75,590
oAV8gP,1,1.6666666666666667,400,40
EPboJ2,1,2.3333333333333335,1250,540
MAdjVA,1,1.6666666666666667,400,40
EPboEX,3,1.0,1250,540
6dQ64k,3,1.6666666666666667,35,40
NAB240,3,1.0,200,0
OABxEg,2,3.0,750,150
NAB2gB,2,1.6666666666666667,75,115
vNx8vQ,1,1.0,75,640
qbE8k9,2,1.6666666666666667,400,40
qbE8v9,1,1.0,400,580
jB98Yx,0,0.3333333333333333,75,600
rlr8gN,1,3.0,750,75
XeB6Ng,2,1.0,1250,150
OABx97,3,1.6666666666666667,750,0
42NlEX,1,1.6666666666666667,200,40
LdM4al,2,1.0,200,500
ZdRbDB,1,1.0,1250,40
6dQ6Vk,2,1.6666666666666667,200,35
8dpbVx,1,1.0,750,100
1r2Q6l,3,0.3333333333333333,200,40
7d97MR,0,1.0,200,0
ylq8GB,1,0.3333333333333333,750,40
kYR8p1,2,2.3333333333333335,1250,600
8dpbgx,2,1.6666666666666667,750,580
VZ1Wqg,2,1.0,200,650
WApaBa,2,1.6666666666666667,75,40
dY2J1q,2,1.0,750,0
vNx8W0,1,1.6666666666666667,75,40
5dqaOo,2,2.3333333333333335,750,0
QABNWp,0,0.3333333333333333,75,85
ZdRbQo,1,1.6666666666666667,400,50
NAB2yB,2,5.0,400,0
oAV81e,2,1.6666666666666667,1250,40
PABZYx,2,1.0,400,580
PABZWb,1,1.0,200,0
XeB6v4,5,1.0,200,100
9dJAxQ,2,1.6666666666666667,400,240
DVvRE5,2,1.6666666666666667,200,575
lNl87X,1,1.0,400,75
eBxgye,1,1.0,10,60
aBrpgq,1,1.0,200,80
OABxrR,3,1.6666666666666667,200,500
1r2QxQ,1,1.6666666666666667,200,60
AlbM9z,3,1.6666666666666667,200,40
8dpbWO,1,1.6666666666666667,10,0
7d97zA,1,1.0,400,35
24x9zV,2,0.3333333333333333,35,500
rlr8YN,2,1.6666666666666667,400,640
xdN80d,2,1.6666666666666667,1250,0
1r2QgW,3,1.0,1250,540
EPbo64,2,2.3333333333333335,1250,500
qbE877,3,1.6666666666666667,400,60
KMBrGV,2,1.6666666666666667,1250,150
6dQ6WY,2,5.0,200,540
EPboA4,1,0.3333333333333333,400,80
ZdRbgz,1,1.0,1250,35
EPbo6r,1,1.6666666666666667,75,500
6dQ6zB,2,1.6666666666666667,750,60
LdM4Ey,3,1.6666666666666667,200,40
ylq8gg,1,1.0,750,500
42NlOY,2,1.0,750,80
MAdjPM,2,2.3333333333333335,1250,580
8dpb5O,4,2.3333333333333335,1250,50
1r2QRl,2,0.3333333333333333,200,540
jB985Q,2,5.0,1250,40
J2kEBo,2,0.3333333333333333,35,500
eBxgvk,2,2.3333333333333335,200,150
7d97jZ,2,1.0,750,500
dY2JzK,1,1.6666666666666667,400,60
PABZe5,1,1.6666666666666667,750,40
J2kEGo,1,1.0,400,40
ylq8zx,1,1.6666666666666667,1250,575
xdN8z5,2,1.0,1250,540
NAB2dj,2,1.0,750,580
ylq81x,1,1.0,400,540
vNx8zD,1,1.6666666666666667,400,80
oAV8zP,3,1.0,200,150
QABNkG,1,1.0,400,40
PABZqd,3,3.0,750,100
oAV8LX,2,3.0,200,40
XeB6Pd,2,0.3333333333333333,200,540
AlbMRB,2,2.3333333333333335,1250,500
jB98XR,2,1.0,400,575
NAB2Zb,0,0.3333333333333333,10,130
aBrpMy,2,1.0,75,60
OABxKK,2,1.0,200,40
EPbooq,0,0.3333333333333333,10,125
PABZq0,2,2.3333333333333335,1250,150
GrBOE2,1,5.0,1250,540
pLPYYZ,1,1.0,750,35
GrBOVj,2,5.0,1250,75
rlr8Z5,1,2.3333333333333335,400,90
KMBr2M,2,1.0,200,40
kYR8BJ,2,1.6666666666666667,35,280
aBrpJ9,1,0.3333333333333333,750,40
bl41a0,2,2.3333333333333335,750,40
RzBqyp,2,1.0,750,40
1r2Q0M,2,1.6666666666666667,750,650
GrBOO2,3,1.0,1250,40
jB98V6,1,1.0,200,500
QABNpg,3,1.6666666666666667,750,500
DVvR6j,2,1.6666666666666667,1250,0
xdN8q9,1,1.0,75,60
xdN8W9,2,1.0,400,550
rlr8ep,4,1.0,1250,190
WApa4L,2,1.6666666666666667,1250,90
lNl8pV,2,0.3333333333333333,35,0
9dJAbX,2,2.3333333333333335,400,540
zKQ8A1,2,0.3333333333333333,75,75
QABNP1,2,0.3333333333333333,1250,640
pLPYEE,0,0.3333333333333333,35,60
GrBOMQ,2,1.0,200,40
RzBqpQ,2,1.6666666666666667,1250,60
24x9MM,1,0.3333333333333333,200,550
7d9rX0,2,0.3333333333333333,200,500
YZz72z,0,0.3333333333333333,75,540
42Nl0b,2,1.0,750,40
lNl8JX,1,5.0,1250,40
xdN8kd,0,0.3333333333333333,35,150
VZ1WWE,1,1.0,75,40
bl4QV6,1,0.3333333333333333,75,0
LdM4xG,3,3.0,750,500
VZ1OLj,2,2.3333333333333335,1250,85
KMBrrk,1,1.6666666666666667,400,0
5dqaWQ,2,2.3333333333333335,200,580
NAB22W,5,5.0,1250,80
eBxWZx,3,5.0,1250,150
OABxOM,2,1.6666666666666667,400,140
lNl825,4,1.6666666666666667,750,35
EPboy2,1,1.6666666666666667,1250,140
LdM48z,2,1.6666666666666667,75,240
KMBKYX,3,1.6666666666666667,400,60
NAB21W,1,0.3333333333333333,200,1000
42NlMo,0,1.0,200,40
BGbJv4,2,1.0,200,540
rlr8No,1,1.0,400,125
24xGEe,2,1.0,750,540
lNlkBN,2,1.0,35,540
eBxWae,2,1.0,200,40
WApavR,4,1.6666666666666667,750,500
1r2o9p,2,1.0,750,40
OABM7R,1,1.0,400,90
aBrqOX,2,1.0,750,630
qbE1GG,1,1.6666666666666667,400,500
8dp4aP,2,1.6666666666666667,750,1150
0EjR7j,2,0.3333333333333333,750,625
YZz7EN,2,1.0,200,500
OABxRk,2,1.6666666666666667,10,40
AlbMgN,1,1.0,75,500
OABxWM,2,1.6666666666666667,75,35
xdN5Yy,2,1.0,400,0
AlbMYB,3,1.6666666666666667,750,1000
ylq5Jg,1,1.0,750,500
VZ1WRj,2,2.3333333333333335,400,100
jB9Ala,3,2.3333333333333335,400,1100
J2kvz4,2,1.0,35,590
oAV8W5,2,2.3333333333333335,1250,540
oAVLGe,2,3.0,750,535
KMBKlA,0,1.0,750,580
6dQEDY,2,1.0,75,500
1r2o7Q,2,1.6666666666666667,400,0
1r2oVQ,2,1.6666666666666667,400,100
0EjR8y,2,1.0,1250,0
LdMLzp,2,5.0,1250,40
LdML7p,1,1.6666666666666667,400,560
jB9Ab4,2,1.0,750,185
aBrq4B,1,1.0,750,690
DVv6Nq,3,1.6666666666666667,1250,0
DVv6pR,2,1.0,1250,40
rlrMON,1,1.0,75,590
g5N6Ml,2,1.0,200,40
NAB1oB,4,2.3333333333333335,1250,225
VZ1Ojy,2,0.3333333333333333,35,150
dY2exq,3,1.0,400,80
RzByo9,1,1.6666666666666667,1250,0
XeBP4g,0,0.3333333333333333,400,560
vNx5P0,3,1.6666666666666667,400,0
6dQEZk,3,3.0,750,0
bl4QeL,1,1.0,1250,150
PABJ55,3,1.0,400,540
aBrq9b,2,1.6666666666666667,35,500
LdMLPv,2,1.0,35,0
qbE1VY,2,1.0,200,540
oAVLEx,2,1.0,750,0
PABJ1V,1,1.6666666666666667,1250,35
0EjR6N,2,2.3333333333333335,400,0
BGbW75,2,1.0,1250,0
8dp4L5,2,1.6666666666666667,1250,0
GrBARZ,1,1.0,200,500
rlrMBR,1,1.6666666666666667,1250,40
GrBAve,1,1.6666666666666667,200,540
g5N6qO,0,1.0,10,600
J2kvOo,2,1.6666666666666667,750,40
GrBAlp,3,2.3333333333333335,400,35
7d9r2P,3,2.3333333333333335,750,0
1r2odl,1,1.0,75,500
J2kvdR,1,1.0,200,140
jB9APx,2,1.0,200,580
DVv6kZ,1,1.0,10,125
xdN8Ok,1,1.0,10,40
NAB1qO,3,1.6666666666666667,1250,100
GrBA9Z,3,2.3333333333333335,750,90
bl4Qdg,2,1.0,750,540
5dqPZo,2,1.6666666666666667,75,40
J2kEyz,3,1.6666666666666667,1250,40
jB98j9,2,1.6666666666666667,1250,190
DVv67R,4,1.6666666666666667,1250,540
QABlV8,1,0.3333333333333333,200,580
LdMLpj,1,1.0,1250,50
42NVrX,2,1.6666666666666667,1250,40
VZ1OpM,2,1.0,75,690
42NlWr,1,1.6666666666666667,35,40
KMBKV8,1,1.6666666666666667,200,115
aBrq6q,2,1.0,400,100
YZzlPW,1,1.0,200,540
zKQ5jM,3,1.6666666666666667,1250,40
XeBPJY,2,2.3333333333333335,400,40
kYRB61,2,3.0,1250,60
zKQ5y0,3,1.6666666666666667,750,500
RzBy5d,4,3.0,750,500
ZdRrNy,2,1.0,750,0
6dQE7B,2,2.3333333333333335,1250,165
0EjRey,2,1.0,75,0
QABlDp,1,1.0,10,40
24xGB9,2,1.6666666666666667,750,540
EPb7QX,2,1.0,1250,40
qbE1AY,2,2.3333333333333335,400,115
RzByD9,2,1.0,35,550
42NVQY,2,1.0,1250,540
EPb7XX,1,1.0,200,40
Albe2z,3,1.6666666666666667,1250,600
PABJ9V,3,1.6666666666666667,200,540
rlrM5R,5,1.6666666666666667,400,40
kYR8Pj,2,1.6666666666666667,1250,625
J2kvqK,0,1.0,35,650
J2kv1K,3,1.0,200,75
PABJpB,1,1.0,400,40
EPb7l4,3,1.6666666666666667,200,35
XeBP0j,1,3.0,1250,50
vNx5Yv,2,2.3333333333333335,1250,40
NAB1WB,2,1.6666666666666667,400,40
42NV8k,2,2.3333333333333335,1250,590
VZ1OQg,2,2.3333333333333335,200,500
LdMLWj,4,1.6666666666666667,750,40
LdMLKv,1,0.3333333333333333,75,600
zKQ5Ya,2,1.6666666666666667,200,90
pLPpoJ,1,1.6666666666666667,400,40
lNlkqv,2,1.6666666666666667,1250,90
GrBO2O,2,1.0,200,75
KMBK1A,0,0.3333333333333333,35,80
dY2e9o,1,1.0,400,125
9dJjQp,4,2.3333333333333335,750,85
QABl58,3,1.6666666666666667,750,550
BGbWk5,2,1.0,1250,40
24xGPj,2,1.6666666666666667,35,90
RzByPd,2,3.0,1250,0
RzBq9P,2,1.6666666666666667,75,100
PABJ65,2,1.0,200,625
oAVLRP,2,1.0,200,140
24xGPL,0,1.0,400,190
rlr84L,1,0.3333333333333333,200,100
VZ1O0v,2,1.6666666666666667,1250,540
8dp4xO,2,1.0,200,500
bl4QWL,2,1.6666666666666667,1250,50
qbE1a9,2,1.0,200,40
VZ1O5J,3,3.0,750,40
rlrMPl,0,1.0,400,540
EPb7XN,2,1.0,75,600
dY2e0o,1,1.0,75,500
lNlkyB,3,0.3333333333333333,75,600
BGbJo7,3,5.0,1250,0
xdN5ay,2,5.0,1250,640
GrBAdp,0,0.3333333333333333,10,95
BGbWxQ,3,1.0,200,40
MAdpzp,2,5.0,1250,35
RzBy0J,2,1.6666666666666667,400,690
PABJ1e,2,1.0,75,50
XeBPWj,1,1.0,400,100
g5N6Gl,3,2.3333333333333335,400,540
jB9AZJ,1,1.6666666666666667,10,500
g5N6e4,3,1.6666666666666667,200,0
0Ejq9Q,2,3.0,400,35
xdN8EG,2,1.6666666666666667,35,575
zKQ5Da,1,1.6666666666666667,200,575
xdN5Xv,2,3.0,750,0
24xGAj,2,5.0,1250,540
lNl8j5,2,1.0,200,40
YZz7Nv,2,1.0,200,40
VZ1OEj,2,3.0,1250,40
bl4Qlo,3,3.0,1250,75
42NVkO,2,1.0,200,40
9dJjdY,2,2.3333333333333335,750,60
WApV0J,0,0.3333333333333333,10,200
1r2oEM,4,0.3333333333333333,75,500
jB9AME,2,3.0,750,575
GrBAro,2,1.6666666666666667,1250,75
KMBK67,0,1.0,400,540
xdN5QG,1,2.3333333333333335,200,540
XeBPe4,1,1.0,1250,125
8dp4kx,2,1.0,400,60
EPb71N,3,1.0,200,1580
eBxWBO,2,1.0,400,80
6dQExe,2,1.6666666666666667,200,590
24xGrp,2,2.3333333333333335,750,75
5dqP2M,3,1.6666666666666667,750,40
QABlrg,1,1.0,400,40
xdN5Qo,2,1.0,400,150
vNx5AQ,1,0.3333333333333333,10,60
YZzldq,1,1.0,75,580
zKQ5zq,1,1.0,1250,540
5dqPkd,3,3.0,750,40
1r2ovO,2,2.3333333333333335,400,40
PABJB0,1,1.6666666666666667,35,500
AlbeDW,1,1.0,750,540
GrBA1o,2,5.0,1250,600
6dQE15,2,1.6666666666666667,400,40
LdMLG1,3,2.3333333333333335,1250,590
LdML0G,1,1.6666666666666667,75,540
zKQ5Kq,0,0.3333333333333333,10,35
J2kvJY,3,3.0,1250,210
rlrMVM,4,3.0,1250,80
DVv6eb,1,1.0,200,540
5dqPdd,2,1.6666666666666667,1250,60
RzByLl,2,1.0,400,35
5dqPvP,3,1.6666666666666667,1250,540
YZzlV0,2,1.0,200,60
vNx54A,1,1.0,1250,590
jB9ABE,2,1.6666666666666667,400,1540
RzBy4J,4,1.6666666666666667,750,595
jB9AxR,3,1.6666666666666667,400,540
dY2eYA,2,1.6666666666666667,1250,580
0EjRJ0,1,1.6666666666666667,750,40
PABJvP,2,1.0,750,40
DVv60p,1,1.0,200,650
rlrMKv,0,1.0,400,580
9dJjJ4,2,1.0,750,40
oAVL0M,1,2.3333333333333335,1250,40
vNx5Od,1,1.0,400,540
QABlYA,2,1.6666666666666667,400,75
7d9roL,3,1.6666666666666667,750,550
lNlkNW,2,1.0,400,75
g5N64N,2,1.6666666666666667,750,100
g5N65d,1,1.0,200,575
7d9rdA,2,2.3333333333333335,400,35
lNlkL5,2,2.3333333333333335,1250,75
0EjRoQ,3,1.6666666666666667,1250,165
GrBA1j,0,0.3333333333333333,75,550
qbE1b7,2,1.0,200,540
oAVLVM,1,1.0,750,100
RzByRl,1,1.0,200,40
g5N6QK,1,1.0,10,540
QABlBk,2,1.0,75,500
vNx5NQ,2,1.0,200,80
6dQEro,2,2.3333333333333335,400,50
eBxWNo,1,1.0,750,300
NAB1MN,2,1.0,400,540
dY2eDy,1,0.3333333333333333,750,540
MAdpvE,1,1.0,1250,75
MAdp5Y,2,1.0,400,0
9dJjE1,2,5.0,400,500
PABJ20,2,1.0,400,35
8dp4eA,2,1.6666666666666667,200,40
DVv65b,2,1.6666666666666667,35,190
qbE1o8,2,1.0,400,50
OABMBA,2,0.3333333333333333,35,550
oAVLlM,5,1.0,750,590
5dqPEb,2,1.0,35,40
6dQEOO,2,3.0,200,90
jB9A99,2,1.0,1250,35
7d9r46,1,1.0,200,40
qbE1Yk,2,1.0,400,650
pLPpWZ,1,1.6666666666666667,200,550
VZ1Olv,1,1.6666666666666667,200,150
OABMJp,3,1.6666666666666667,200,540
aBrqry,2,1.6666666666666667,1250,125
7d9r9z,3,2.3333333333333335,1250,40
oAVLl5,2,0.3333333333333333,750,650
aBrqZW,1,3.0,1250,90
lNlk06,4,2.3333333333333335,400,35
ZdRrGv,1,1.6666666666666667,200,130
xdN5ZG,3,1.6666666666666667,1250,540
lNlkYV,3,1.6666666666666667,750,630
VZ1OME,1,1.6666666666666667,400,0
rlrMrL,1,1.6666666666666667,75,60
42NVAd,3,1.6666666666666667,1250,540
jB9AJ1,2,2.3333333333333335,750,80
ZdRrvA,5,3.0,1250,540
8dp4dx,1,1.6666666666666667,750,125
vNx5JX,1,1.0,400,580
zKQ5e1,0,0.3333333333333333,10,650
lNlkKV,2,1.6666666666666667,1250,75
rlrMJX,2,1.0,400,100
LdMLaz,1,2.3333333333333335,1250,150
rlrM0L,2,1.0,750,185
NAB1Rp,2,1.0,200,540
42NV9d,2,3.0,750,75
jB9A76,2,1.6666666666666667,750,535
OABMLK,3,1.0,200,40
GrBABz,2,1.6666666666666667,750,650
YZzlY6,0,0.3333333333333333,200,540
YZzlo0,1,1.6666666666666667,750,0
g5N671,2,5.0,1250,540
qbE1k5,2,1.0,750,150
7d9r16,0,1.0,750,40
24xGkV,1,1.0,75,40
BGbWA4,1,1.6666666666666667,10,0
rlrMJp,2,1.6666666666666667,1250,60
bl4Qr2,3,2.3333333333333335,1250,40
aBrqDE,2,2.3333333333333335,1250,540
YZzlrq,1,1.0,750,590
VZ1O9l,2,1.6666666666666667,750,40
EPb7Lo,4,3.0,35,580
jB9A09,2,1.0,75,40
EPb7Z2,2,1.0,750,60
EPb7vA,0,1.0,750,540
42NVPo,2,3.0,400,40
g5N6JM,2,1.0,10,35
9dJj2K,2,5.0,400,540
xdN5Rk,2,3.0,750,60
24xGvA,2,1.0,200,500
ZdRrza,2,1.6666666666666667,10,40
1r2oN4,3,5.0,1250,535
VZ1ObN,4,1.0,75,0
24xGxA,1,2.3333333333333335,1250,0
pLPpRy,2,1.0,750,150
J2kvk7,2,1.6666666666666667,1250,40
oAVL55,2,1.6666666666666667,750,40
lNlkWp,2,1.6666666666666667,200,540
QABl8l,2,5.0,750,90
eBxWxo,0,0.3333333333333333,200,90
eBxW2E,2,1.6666666666666667,35,0
rlrMd5,4,1.0,10,80
RzByvv,2,3.0,1250,630
rlrM2p,4,1.6666666666666667,400,35
24xG1g,3,1.0,200,540
EPb7BL,1,1.6666666666666667,200,35
eBxWKJ,1,1.6666666666666667,75,35
zKQ5J8,2,1.0,200,590
ZdRrZ5,2,1.0,200,630
1r2o2L,1,1.6666666666666667,1250,40
xdN599,4,1.0,750,500
YZzlpz,2,1.6666666666666667,1250,90
bl4Q82,0,0.3333333333333333,750,540
PABJ80,3,1.6666666666666667,1250,40
24xGOb,2,1.6666666666666667,400,540
5dqPGP,2,1.6666666666666667,1250,40
bl4Q4E,2,1.0,1250,40
KMBKBK,2,1.0,750,40
DVv6Jj,2,1.6666666666666667,400,780
eBxW7E,3,2.3333333333333335,1250,590
GrBAoz,3,1.6666666666666667,750,540
EPb70o,2,3.0,750,40
kYRBJd,2,1.6666666666666667,1250,550
J2kv2d,1,1.0,200,60
OABMdk,2,2.3333333333333335,75,540
LdMLvz,0,1.0,750,540
5dqPLM,2,1.0,750,540
LdMLXG,2,3.0,75,0
RzByZP,2,1.6666666666666667,750,40
42NVvB,0,0.3333333333333333,10,40
GrBAqO,3,5.0,400,540
BGbWj4,0,3.0,1250,535
BGbWB7,1,1.0,75,540
ylq5o6,3,1.0,1250,35
J2kvLJ,3,5.0,1250,100
42NVjb,1,1.0,750,540
bl4Q2E,1,1.0,400,540
5dqPev,1,1.0,400,540
6dQEvO,3,1.6666666666666667,200,75
jB9ALR,2,1.6666666666666667,200,200
9dJjpK,2,1.6666666666666667,750,540
LdMLE2,1,1.0,200,40
xdN54E,1,2.3333333333333335,1250,60
J2kvV7,1,1.0,1250,540
8dp46k,3,3.0,750,100
1r2oD4,2,1.0,400,50
bl4QK0,1,1.0,75,1590
DVv6AX,2,5.0,750,190
QABlxk,1,3.0,750,125
aBrqjy,2,0.3333333333333333,750,500
XeBP1e,4,5.0,750,100
qbE1P2,2,2.3333333333333335,400,40
9dJjlG,2,2.3333333333333335,200,40
WApVPJ,2,2.3333333333333335,200,100
jB9A5Y,3,1.6666666666666667,200,40
OABMjA,2,1.6666666666666667,1250,60
DVv6V5,3,3.0,1250,100
XeBPMd,2,1.6666666666666667,1250,0
6dQEAo,1,1.0,75,60
jB9AG9,1,1.0,750,150
pLPpVV,5,2.3333333333333335,750,265
5dqPpQ,3,1.0,1250,640
zKQ51g,1,1.0,75,80
7d9rp2,2,1.0,75,40
9dJjrE,1,1.0,200,40
MAdp78,1,1.0,1250,125
pLPpz1,0,1.0,400,35
KMBKgX,2,2.3333333333333335,1250,540
QABlk1,0,0.3333333333333333,10,540
PABJ41,1,1.0,400,540
QABlO1,1,1.0,200,540
RzByjK,2,2.3333333333333335,400,150
kYRBrr,3,1.0,750,35
PABJGx,2,5.0,1250,540
vNx5gl,1,1.6666666666666667,200,540
eBxWzx,3,2.3333333333333335,750,125
WApVZe,0,1.0,200,580
Albeae,1,1.0,400,500
lNlkMX,2,1.6666666666666667,1250,575
OABMVa,1,1.0,200,540
XeBP2z,1,1.0,200,1500
eBxWpl,3,1.0,35,540
RzBy2K,3,1.6666666666666667,1250,500
GrBAjZ,3,1.6666666666666667,750,35
KMBKaD,4,1.0,1250,0
ZdRrQV,0,0.3333333333333333,35,540
1r2oRg,2,1.0,75,40
kYRBkZ,1,1.0,35,500
oAVLzb,2,1.0,200,580
aBrqzZ,0,0.3333333333333333,75,540
EPb76l,2,1.6666666666666667,1250,75
7d9rPa,1,0.3333333333333333,75,40
DVv69R,2,1.6666666666666667,750,540
42NVdA,2,1.0,1250,580
g5N6OP,2,5.0,750,230
J2kvZR,2,2.3333333333333335,1250,145
RzBylj,2,3.0,200,75
qbE1zO,2,1.0,200,80
jB9AEQ,2,1.6666666666666667,1250,540
xdN5ov,1,1.0,200,0
9dJja5,2,1.0,400,0
kYRBQe,2,3.0,400,85
24xGVD,2,1.0,750,0
VZ1O46,4,1.6666666666666667,750,625
PABJee,2,1.0,200,540
eBxWYQ,1,0.3333333333333333,200,650
qbE1NO,2,1.0,750,40
oAVLaP,3,1.0,400,540
LdMLgl,2,1.6666666666666667,750,0
ylq5zd,3,1.6666666666666667,1250,190
NAB1EO,1,3.0,750,40
7d9rj0,1,1.6666666666666667,750,560
ZdRrKB,2,1.0,1250,85
xdN56d,1,1.0,75,540
rlrMg2,3,1.6666666666666667,200,500
qbE1pg,1,1.0,10,0
pLPpXJ,3,2.3333333333333335,1250,540
xdN5vk,2,1.0,200,75
vNx5a0,5,5.0,400,35
LdML6J,1,1.0,1250,40
6dQEyJ,1,1.0,1250,1000
xdN5L5,2,2.3333333333333335,750,210
OABMra,1,1.0,400,40
jB9AgQ,1,1.0,75,1040
EPb7AB,3,3.0,75,575
GrBAQO,2,3.0,1250,540
lNlk9v,2,2.3333333333333335,750,550
eBxWox,3,0.3333333333333333,200,150
VZ1OyM,1,0.3333333333333333,10,590
KMBKNV,1,1.0,400,0
OABMyY,2,1.6666666666666667,400,40
WApVjR,1,1.0,75,540
OABMKR,2,1.0,200,40
XeBPyL,3,3.0,1250,540
VZ1OBg,1,1.6666666666666667,1250,75
1r2ox1,0,0.3333333333333333,75,0
LdMLVl,1,1.0,400,140
oAVLQO,2,1.0,1250,580
pLPpNJ,0,0.3333333333333333,400,35
eBxWPk,2,1.0,750,600
VZ1Oxj,0,0.3333333333333333,10,580
zKQ54R,2,1.6666666666666667,400,575
eBxWyl,1,1.6666666666666667,1250,40
rlrM1R,1,1.6666666666666667,200,0
24xGZD,2,3.0,750,590
VZ1Oyy,0,1.0,75,100
XeBPdg,1,1.6666666666666667,400,590
rlrMRN,2,5.0,1250,590
6dQEGk,2,1.0,1250,35
EPb7YB,1,1.0,1250,90
7d9rEa,2,1.6666666666666667,200,540
ylq5Rx,2,1.0,400,540
MAdpgk,1,1.0,750,540
g5N6vJ,1,1.6666666666666667,1250,0
0EjRlB,3,1.0,750,115
9dJjPQ,2,2.3333333333333335,1250,90
AlbeND,1,1.0,1250,500
OABMkM,2,3.0,1250,130
zKQ5dk,2,0.3333333333333333,1250,90
7d9rgR,3,1.6666666666666667,400,590
vNx5pl,1,1.0,75,40
EPb7e4,2,1.6666666666666667,750,40
DVv6PZ,2,1.0,1250,0
MAdpPk,2,1.0,400,1590
ylq5rg,0,0.3333333333333333,400,0
24xG7M,1,2.3333333333333335,10,40
bl4Qz6,1,1.0,750,1540
6dQE9Y,2,1.0,75,500
eBxWvQ,2,2.3333333333333335,750,500
ZdRrXo,1,1.0,400,100
24xGy9,1,1.6666666666666667,750,230
xdN57r,1,0.3333333333333333,200,35
lNlkXk,2,0.3333333333333333,75,95
9dJjyV,2,1.6666666666666667,400,35
RzBy19,2,1.6666666666666667,200,0
J2kvgK,1,1.0,750,0
J2kvbo,2,1.6666666666666667,750,540
DVv6ZE,1,1.6666666666666667,750,210
XeBPvY,2,0.3333333333333333,1250,75
ZdRrAo,1,1.0,400,175
NAB1O0,3,2.3333333333333335,750,90
J2kvBr,2,2.3333333333333335,1250,125
ylq5px,2,1.0,400,40
KMBKRg,2,1.6666666666666667,400,540
OABMyg,2,2.3333333333333335,750,590
oAVLax,2,2.3333333333333335,750,75
VZ1OXg,2,1.6666666666666667,200,110
WApVdv,2,1.6666666666666667,1250,75
EPb7rr,2,2.3333333333333335,400,630
NAB1gO,2,1.6666666666666667,200,1500
XeBPkY,3,1.0,1250,590
vNx5Wg,2,1.6666666666666667,400,0
LdMLOy,1,1.0,35,500
aBrqa2,2,1.6666666666666667,1250,590
WApVXN,2,1.0,1250,35
OABMeg,3,1.0,750,540
NAB1xl,2,2.3333333333333335,75,540
dY2ekV,2,3.0,200,100
LdMLBv,2,1.6666666666666667,200,0
Albe0e,1,1.0,75,590
eBxW8e,2,1.6666666666666667,750,75
8dp4V5,2,5.0,1250,0
1r2ozp,2,1.6666666666666667,400,0
DVv6al,2,1.6666666666666667,1250,550
QABl4Y,1,3.0,200,0
DVv6EZ,2,1.0,1250,0
J2kvxR,3,1.6666666666666667,200,40
eBxWGe,1,3.0,200,500
KMBKA8,1,2.3333333333333335,750,40
DVv6Wl,2,1.6666666666666667,200,80
QABlyG,0,0.3333333333333333,200,90
pLPp58,3,1.6666666666666667,1250,600
VZ1Oqj,1,1.0,200,540
XeBPNP,1,1.0,35,40
jB9Aq4,0,1.0,750,100
qbE1M9,3,1.0,200,690
5dqPON,2,1.6666666666666667,1250,500
rlrMW2,2,1.0,1250,500
dY2ezr,2,1.6666666666666667,200,100
oAVLgb,1,3.0,750,35
GrBAaZ,2,2.3333333333333335,1250,40
7d9rOZ,2,1.0,1250,140
kYRB1e,1,0.3333333333333333,35,590
24xGzj,4,5.0,1250,0
XeBPQP,3,1.0,10,560
9dJj4E,2,1.0,400,540
MAdpqA,0,1.0,200,60
AlbeOz,2,1.6666666666666667,200,35
NAB1Qj,3,3.0,1250,90
GrBA5O,0,0.3333333333333333,75,75
24xGYj,2,1.0,750,40
kYRBXR,2,1.0,400,90
WApV6N,3,1.0,1250,540
dY2eXo,2,1.0,400,60
QABlp7,2,2.3333333333333335,400,0
ylq5GX,1,0.3333333333333333,400,540
EPb7Al,1,1.6666666666666667,35,550
42NVEA,1,1.6666666666666667,1250,40
aBrqgb,2,1.6666666666666667,400,500
42NVYX,2,1.6666666666666667,750,60
oAVL1x,2,1.6666666666666667,400,40
KMBKZV,1,2.3333333333333335,400,540
1r2oyl,0,1.0,750,130
42NVEr,2,1.0,400,500
g5N614,2,1.6666666666666667,400,40
0EjRyj,4,3.0,1250,75
6dQEzJ,3,1.0,75,40
jB9Ara,0,1.0,35,590
dY2e4K,0,0.3333333333333333,10,300
zKQ5vM,2,5.0,1250,35
YZzlgW,1,0.3333333333333333,400,100
pLPpZ1,1,1.0,200,50
J2kvro,1,1.6666666666666667,750,550
rlrMp2,1,1.6666666666666667,1250,500
QABlWG,2,5.0,1250,40
vNx5d4,1,1.6666666666666667,200,550
jB9AzQ,1,1.6666666666666667,200,60
MAdp2M,1,1.0,200,40
7d9rYZ,2,1.6666666666666667,750,60
g5N6XO,2,1.0,400,60
PABJr1,2,1.0,200,540
RzByg4,1,1.0,200,590
MAdpGl,2,1.0,200,90
g5N6rD,1,1.6666666666666667,200,500
RzByaj,2,1.0,750,190
PABJLV,2,1.6666666666666667,750,500
GrBA4k,2,0.3333333333333333,35,600
zKQ5o0,2,0.3333333333333333,200,40
GrBAOp,1,1.0,750,50
qbE1QY,1,1.6666666666666667,400,40
EPb77N,1,1.0,10,540
Albeek,2,1.0,200,100
WApV7a,2,2.3333333333333335,75,150
GrBAAo,2,1.6666666666666667,750,0
rlrMMl,2,1.0,1250,35
VZ1Oag,2,1.0,400,90
5dqPa6,2,1.6666666666666667,400,500
J2kvj4,2,2.3333333333333335,400,40
XeBPAj,1,1.6666666666666667,35,540
24xGdL,1,1.6666666666666667,1250,500
qbE117,1,1.0,200,540
42NVVk,2,1.6666666666666667,1250,500
5dqPYo,2,1.0,750,90
J2kv4d,1,3.0,400,140
EPb7VX,0,0.3333333333333333,75,580
LdMLxj,4,2.3333333333333335,1250,0
1r2o0Q,1,2.3333333333333335,1250,500
bl4QJo,2,1.6666666666666667,750,40
42NV6b,2,1.0,200,580
aBrqJv,1,1.0,200,40
OABMM7,0,1.6666666666666667,200,540
42NVMb,2,3.0,1250,150
WApVaj,1,1.6666666666666667,200,40
RzByQ9,2,1.0,750,40
OABMM8,2,3.0,750,75
42NVlk,1,1.0,200,500
XeBP6j,1,0.3333333333333333,1250,500
eBxWWO,1,1.0,750,540
PABJqb,2,1.6666666666666667,200,50
6dQEBB,1,2.3333333333333335,200,40
GrBAEp,2,1.0,200,500
xdN5qo,2,1.6666666666666667,400,630
g5N6VO,2,2.3333333333333335,750,40
eBxWXO,1,1.6666666666666667,750,600
KMBKj7,2,2.3333333333333335,400,575
5dqP06,2,1.6666666666666667,750,580
zKQ58a,3,3.0,1250,500
EPb7RN,2,1.6666666666666667,1250,560
DVv685,2,2.3333333333333335,200,325
RzByed,2,1.6666666666666667,400,550
oAVLjV,2,2.3333333333333335,1250,540
dY2ery,1,1.0,35,685
pLPp2b,2,1.6666666666666667,1250,100
QABlN8,2,1.0,750,100
GrBAZj,0,0.3333333333333333,400,75
YZzl75,1,1.6666666666666667,750,35
ylq58B,1,1.6666666666666667,1250,35
ylq5AB,0,0.3333333333333333,10,35
AlbeR0,2,1.6666666666666667,1250,500
dY2eoo,1,1.0,200,1590
YZzlAd,2,1.6666666666666667,750,40
NAB1NB,1,1.6666666666666667,1250,540
aBrqR9,1,0.3333333333333333,200,90
LdMLr1,1,3.0,750,540
zKQ5k1,1,1.6666666666666667,200,590
42NVbO,1,0.3333333333333333,200,1500
oAVLJ1,1,1.6666666666666667,400,540
jB9AN6,1,1.0,200,500
qbE1l7,0,0.3333333333333333,200,75
42NV0X,3,1.0,35,40
7d9rrA,1,0.3333333333333333,750,540
5dqPNM,2,1.6666666666666667,400,60
ZdRrbz,3,1.6666666666666667,400,590
vNx5RA,1,1.0,200,540
0EjRqN,1,1.0,75,575
vNx59Q,2,2.3333333333333335,750,35
EPb72o,0,0.3333333333333333,10,540
dY2eJq,1,1.0,400,90
PABJxb,0,2.3333333333333335,75,540
6dQEEB,2,1.6666666666666667,200,40
6dQE6P,2,1.6666666666666667,200,560
pLPpYq,1,1.6666666666666667,200,75
XeBP7g,3,1.6666666666666667,35,40
rlrM8l,1,1.0,200,540
RzByqd,2,1.0,1250,650
9dJjKY,1,0.3333333333333333,1250,540
RzByNl,0,0.3333333333333333,10,600
VZ1O7J,2,3.0,1250,150
vNx5kd,2,1.6666666666666667,400,60
8dp4DO,1,1.0,200,35
7d9rkA,1,1.6666666666666667,200,190
GrBAAp,3,2.3333333333333335,750,140
rlrMQN,1,1.0,200,540
GrBAW2,1,1.0,1250,710
6dQEqe,1,1.0,750,40
RzBypp,2,2.3333333333333335,750,540
zKQ5AR,1,1.0,1250,185
eBxWg0,3,1.0,200,40
jB9AAx,0,0.3333333333333333,35,40
oAVLLV,0,1.0,200,40
YZzl6d,3,2.3333333333333335,1250,90
g5N6EN,0,0.3333333333333333,10,40
xdN5AG,1,1.6666666666666667,400,40
ZdRrBy,1,1.0,1250,500
YZzl2q,2,1.0,200,540
rlrM75,1,1.0,400,40
zKQ5Ba,0,0.3333333333333333,75,575
0EjRX0,1,1.0,400,500
VZ1OgE,2,3.0,200,125
9dJjjY,2,1.6666666666666667,1250,95
J2kvE4,1,1.0,200,590
rlrM4M,3,1.6666666666666667,400,500
8dp4Bx,0,0.3333333333333333,75,150
jB9A4a,2,1.6666666666666667,200,0
42NVVO,2,2.3333333333333335,400,60
bl4QRg,3,1.6666666666666667,400,140
pLPpqq,0,1.0,750,90
42NV6O,3,1.6666666666666667,1250,275
GrBAM2,2,3.0,750,540
LdML4j,1,0.3333333333333333,1250,40
42NVeB,1,1.0,1250,540
QABllp,3,3.0,200,40
RzByNJ,1,1.6666666666666667,200,40
oAVLP1,2,1.6666666666666667,200,60
kYRBj1,2,1.6666666666666667,200,75
EPb79q,3,1.6666666666666667,750,35
aBrqMq,1,1.0,750,540
GrBAVZ,2,0.3333333333333333,750,560
5dqP7d,1,0.3333333333333333,200,60
kYRBL6,2,1.0,750,500
DVv6oR,1,1.0,200,600
GrBAGj,2,1.6666666666666667,750,90
24xG9L,1,0.3333333333333333,200,590
lNlkGW,2,1.0,1250,75
vNx58v,2,1.0,35,540
g5N6BN,0,0.3333333333333333,10,600
OABMRK,2,2.3333333333333335,750,40
eBxWVq,2,1.0,400,0
5dqPJM,0,1.0,1250,0
7d9ryL,1,1.0,750,590
aBrq7E,1,2.3333333333333335,1250,540
XeBPa4,2,1.0,75,50
kYRBqJ,2,1.6666666666666667,750,540
24xGGL,1,1.0,75,210
aBrqqq,2,1.6666666666666667,1250,540
VZ1O6v,2,1.6666666666666667,750,80
jB9AjR,2,0.3333333333333333,75,115
AlbeM0,2,2.3333333333333335,200,580
NAB1ZQ,3,1.6666666666666667,10,75
xdN5GG,2,1.0,1250,75
oAVLJX,0,0.3333333333333333,10,40
lNlkx5,4,1.0,400,260
ZdRrqa,2,1.6666666666666667,750,35
OABM28,5,1.0,75,80
xdN5by,1,1.0,750,80
ylq5Lp,0,1.0,200,590
0EjR96,1,1.0,400,590
dY2eMA,2,3.0,35,50
jB9A4x,4,1.0,400,40
42NV5B,1,1.0,200,150
oAVLZP,2,1.6666666666666667,75,540
EPb77X,3,1.6666666666666667,1250,40
OABMq7,2,1.6666666666666667,1250,0
PABJJ5,2,1.0,200,50
1r2oQQ,4,2.3333333333333335,1250,40
6dQEoO,2,1.6666666666666667,1250,40
24xG6V,1,1.0,35,60
lNlkkB,2,0.3333333333333333,200,500
oAVL8e,1,1.0,200,40
rlrMz5,2,1.6666666666666667,200,0
42NV0k,2,2.3333333333333335,750,540
MAdpZp,3,2.3333333333333335,750,100
eBxW4E,5,1.0,200,40
OABMx7,1,1.0,200,150
OABMZR,0,0.3333333333333333,400,540
GrBAPo,1,1.0,35,130
jB9AKR,5,1.6666666666666667,200,600
QABl98,0,0.3333333333333333,75,35
lNlk8B,2,2.3333333333333335,200,35
NAB1kW,4,3.0,400,85
PABJQ5,1,2.3333333333333335,750,40
dY2eOz,2,0.3333333333333333,10,540
LdML8G,0,0.3333333333333333,75,500
ylq5O0,3,1.0,200,60
9dJjAp,1,1.6666666666666667,750,95
NAB1GW,2,2.3333333333333335,35,40
GrBAGo,1,1.0,400,550
7d9rG9,0,1.0,400,90
24xGWV,1,1.0,200,590
5dqPRP,2,2.3333333333333335,400,40
KMBK9M,1,0.3333333333333333,400,75
kYRB26,3,1.0,400,540
ZdRrry,0,2.3333333333333335,750,0
g5N6ld,2,1.0,200,500
DVv6Qj,2,2.3333333333333335,1250,100
MAdpxX,3,5.0,1250,165
rlrM9l,2,1.0,1250,540
BGbWRN,1,1.6666666666666667,1250,190
BGbWNA,1,1.0,400,0
xdN5Wo,2,1.6666666666666667,1250,0
9dJjb1,3,1.6666666666666667,1250,500
bl4Q1g,1,1.0,200,580
9dJjeG,1,0.3333333333333333,1250,500
J2kvPd,1,1.0,200,590
EPb7oX,2,1.0,200,90
RzByAl,1,2.3333333333333335,1250,75
PABJKd,1,1.0,10,500
42NVZb,1,3.0,1250,40
QABlZg,2,1.6666666666666667,200,500
kYRBBM,0,1.0,200,500
qbE1r2,0,0.3333333333333333,10,575
vNx55Q,2,1.0,200,90
YZzll5,2,1.6666666666666667,75,0
QABlQp,3,2.3333333333333335,1250,0
jB9ARE,3,5.0,1250,540
EPb7Ro,1,0.3333333333333333,400,35
RzBy7P,1,1.0,35,125
pLPpjE,1,0.3333333333333333,10,40
BGbWMA,2,1.0,400,0
zKQ5P8,4,3.0,200,690
24xGqb,2,0.3333333333333333,200,35
MAdpog,2,1.0,400,40
YZzAPv,2,1.6666666666666667,1250,80
NAB1Kb,3,1.0,750,40
qbE1xk,1,1.0,200,540
PABqjP,1,0.3333333333333333,400,90
rlrMx5,1,1.6666666666666667,1250,500
oAVj6M,2,1.0,35,40
rlrZ5X,2,1.6666666666666667,1250,575
aBrMNW,1,1.0,400,540
ZdRrpv,1,2.3333333333333335,400,590
0EjWQP,1,1.6666666666666667,400,500
24x6Eg,1,1.0,35,0
24x6XM,2,2.3333333333333335,1250,580
5dqAXv,2,1.6666666666666667,750,190
bl4Jq7,1,1.6666666666666667,1250,50
OABMpA,2,1.0,35,125
qbElGO,0,0.3333333333333333,35,95
WAp79L,0,1.0,75,75
PABq11,1,1.0,200,90
eBxWdo,5,3.0,1250,60
QABlgk,1,1.0,200,150
NABZrp,1,1.0,75,125
8dp4vo,1,0.3333333333333333,200,500
oAVL4M,1,1.0,200,0
8dplLl,1,0.3333333333333333,35,575
MAdxD8,0,0.3333333333333333,10,210
VZ16pN,2,1.0,1250,35
jB9VDY,1,2.3333333333333335,400,580
bl4J97,2,1.6666666666666667,750,580
zKQ6xZ,0,0.3333333333333333,35,40
6dQEb5,1,0.3333333333333333,35,540
0EjWrQ,2,1.6666666666666667,1250,40
ZdRBOV,2,3.0,75,575
MAdxeE,2,1.0,200,0
VZ16p6,2,1.6666666666666667,400,740
lNlEBX,1,1.6666666666666667,750,0
dY2eLN,1,1.6666666666666667,35,0
1r2o1L,2,1.0,1250,600
VZ16G6,2,1.0,750,0
zKQ6YM,0,0.3333333333333333,200,0
BGbRde,3,2.3333333333333335,400,540
LdMLA2,3,2.3333333333333335,1250,540
42NbKA,1,1.0,35,550
lNlEbV,2,5.0,75,125
pLP2rP,2,1.0,400,60
DVv6rp,2,1.0,200,90
lNlko6,2,1.0,200,540
eBxW1o,2,1.0,750,540
VZ16El,2,1.0,200,165
BGbWPY,1,1.0,1250,100
AlbX7o,1,1.6666666666666667,200,535
oAVLrM,1,1.0,400,40
1r2aW4,2,2.3333333333333335,750,35
RzB9Kv,3,3.0,200,630
1r2oqO,1,1.0,200,90
42NbKr,2,1.6666666666666667,75,40
24x6PD,2,1.6666666666666667,750,500
OABNlM,2,0.3333333333333333,75,585
8dp47Y,0,1.0,200,640
RzB9WQ,1,5.0,10,0
jB9VZ1,1,3.0,750,580
oAVj2b,3,2.3333333333333335,1250,130
jB9VlQ,4,2.3333333333333335,200,40
GrBA2z,1,0.3333333333333333,400,540
9dJKQ5,3,1.0,400,40
aBrMdX,2,1.0,750,35
EPbOWB,2,1.6666666666666667,1250,40
OABNQk,1,3.0,750,575
dY2yEV,1,1.6666666666666667,400,35
vNx9Yl,2,1.6666666666666667,1250,40
dY2yWD,2,0.3333333333333333,400,35
bl4J50,1,1.0,200,115
WAp7OL,2,1.0,400,35
zKQ6yk,1,1.6666666666666667,200,500
DVvGKE,1,1.6666666666666667,750,60
YZzlN6,0,1.6666666666666667,75,0
zKQ6Ng,1,1.0,200,190
pLP2ey,2,1.0,1250,1100
KMBjeD,2,1.6666666666666667,750,40
KMBjzD,0,3.0,750,540
5dqAKb,1,1.0,400,690
vNx9eg,2,1.0,200,40
aBrM4Z,1,1.0,200,95
EPb74L,3,1.0,750,540
kYRPbd,2,1.0,400,40
PABq91,2,1.6666666666666667,1250,625
RzB9oK,1,1.0,400,75
qbE12k,3,3.0,400,540
J2k4dX,3,1.6666666666666667,750,130
zKQ6DM,1,1.6666666666666667,10,600
7d9kl6,2,1.6666666666666667,400,40
8dplQz,2,0.3333333333333333,75,0
QABQeY,0,0.3333333333333333,10,610
6dQB8o,2,1.6666666666666667,400,110
MAdxEk,2,1.6666666666666667,35,100
6dQB7J,1,0.3333333333333333,35,190
9dJK9E,2,2.3333333333333335,200,200
XeBb0L,2,1.0,200,35
AlbX2y,1,1.0,750,60
QABQ5G,2,1.6666666666666667,1250,625
GrBPdk,3,1.0,200,1185
kYRPEo,2,2.3333333333333335,400,600
VZ165y,2,0.3333333333333333,200,535
7d9kWR,4,3.0,1250,80
xdNWMd,2,1.6666666666666667,1250,500
24x6jM,2,1.0,200,40
DVvGkl,2,3.0,750,600
7d9kx0,1,0.3333333333333333,750,540
aBrMYb,2,1.0,200,185
XeBboP,3,2.3333333333333335,400,500
oAVj9N,2,1.0,400,165
lNlEeo,1,1.0,10,115
LdM2zJ,2,2.3333333333333335,1250,540
YZzARv,1,1.0,200,765
bl4Je6,3,1.0,75,150
lNlEOo,1,1.6666666666666667,10,40
rlrZDX,1,1.6666666666666667,1250,275
g5NoGD,2,1.0,400,250
dY2yar,1,1.6666666666666667,200,630
PABqj0,1,1.0,10,40
42Nb7r,1,1.0,200,110
VZ16zM,2,1.6666666666666667,200,40
8dplzr,1,1.6666666666666667,75,540
g5N6RK,1,0.3333333333333333,200,40
EPbO52,4,5.0,750,0
g5NoqP,1,1.6666666666666667,75,40
KMBj1X,0,1.0,750,150
jB9VQJ,1,1.0,200,60
24xGMA,0,0.3333333333333333,10,150
6dQBLN,2,1.6666666666666667,750,585
xdNWav,2,1.0,200,40
ylqaYX,0,0.3333333333333333,35,40
KMBjVX,1,1.6666666666666667,200,40
8dplKP,0,1.0,35,75
oAVjb5,2,2.3333333333333335,750,300
rlrZao,1,1.0,200,80
EPbOQr,2,1.0,200,540
OABN1k,3,2.3333333333333335,200,600
WAp75v,2,1.6666666666666667,1250,35
QABQVX,2,1.0,1250,40
OABMOp,3,1.6666666666666667,200,100
VZ1ORl,1,0.3333333333333333,10,540
oAVj65,2,1.6666666666666667,750,540
YZzlE0,2,1.0,200,540
rlrZA2,2,1.6666666666666667,200,535
ylqa28,3,2.3333333333333335,750,40
OABNQM,0,1.0,10,590
6dQBjA,1,1.0,400,540
BGbRxR,2,1.0,200,35
xdNWDd,2,1.0,750,500
pLPplE,2,5.0,35,35
eBxXZJ,2,2.3333333333333335,1250,40
BGbR7R,1,1.0,35,590
EPbOxB,2,1.6666666666666667,400,40
qbElA9,1,1.0,750,625
0EjW6B,1,0.3333333333333333,35,60
xdNWx9,1,1.6666666666666667,1250,40
PABJad,2,1.0,200,0
BGbRpe,1,1.0,200,590
WAp7Ee,2,3.0,10,165
DVvGdN,0,0.3333333333333333,400,540
EPbOqA,2,1.6666666666666667,75,575
42NbXo,3,5.0,750,630
qbElDO,1,3.0,75,35
kYRBDj,2,1.6666666666666667,75,40
lNlkJp,3,0.3333333333333333,200,0
24x68b,4,1.0,35,50
VZ16j6,0,0.3333333333333333,35,150
1r2aA4,2,1.0,75,540
xdNWa5,3,1.6666666666666667,1250,40
8dplNk,4,1.6666666666666667,200,540
BGbRXK,2,3.0,1250,40
J2k4AK,2,1.0,400,560
NABZWj,2,1.6666666666666667,200,610
1r2a91,3,1.6666666666666667,35,0
42NbB5,0,1.0,200,190
aBrM5Z,1,2.3333333333333335,75,0
0EjRN0,2,1.0,750,560
oAVjDN,4,5.0,200,500
pLP2dP,2,1.0,200,90
VZ16Qj,1,1.0,75,575
PABJa0,1,1.0,1250,550
g5N6yK,2,1.6666666666666667,1250,40
NABZl0,2,1.0,200,590
AlbXve,2,1.6666666666666667,1250,540
GrBP6O,3,1.6666666666666667,200,140
NABZoO,2,2.3333333333333335,1250,1060
lNlErN,0,1.0,35,40
42NbxA,3,1.6666666666666667,1250,1540
OABN7a,0,0.3333333333333333,10,540
DVvGBE,0,1.0,75,580
LdMLRO,0,0.3333333333333333,75,110
6dQBeN,1,1.0,1250,540
5dqPWP,2,1.6666666666666667,400,500
ZdRBEV,3,1.6666666666666667,750,35
0EjW7A,3,1.0,750,535
0EjWOB,1,1.0,200,150
xdNWJd,4,1.0,200,40
dY2yNV,2,0.3333333333333333,1250,95
0EjR2Q,0,1.0,75,40
qbEla5,4,1.6666666666666667,200,60
24x649,2,1.0,750,40
dY2yYK,2,1.6666666666666667,75,590
DVvGNZ,2,1.6666666666666667,1250,60
MAdx5M,1,1.6666666666666667,750,500
zKQ6eR,2,2.3333333333333335,400,0
NABZ0l,2,0.3333333333333333,200,35
vNx920,0,0.3333333333333333,10,630
RzB9zj,2,5.0,1250,100
9dJK1Q,2,1.6666666666666667,1250,35
J2k42R,2,3.0,200,40
ylqaq4,2,1.0,75,540
8dplpx,2,1.6666666666666667,200,150
rlrZLl,1,1.0,400,500
eBxX20,2,1.0,75,75
DVvGDq,3,5.0,400,540
42NboO,1,1.0,10,540
dY2yPo,3,1.6666666666666667,400,550
GrBPJo,2,1.6666666666666667,10,95
zKQ6W1,1,1.0,200,100
EPbOJN,2,1.6666666666666667,400,540
eBxXL0,1,2.3333333333333335,400,40
EPbO04,1,1.6666666666666667,1250,40
PABql5,2,1.0,35,50
1r2aEp,2,2.3333333333333335,750,690
1r2avQ,1,1.6666666666666667,75,35
aBrMrq,2,1.0,200,575
5dqAEM,1,1.6666666666666667,750,540
aBrMGB,2,1.6666666666666667,750,580
PABqX5,1,1.6666666666666667,200,200
ylqaop,2,3.0,750,40
5dqAeP,1,0.3333333333333333,400,580
aBrMK9,2,0.3333333333333333,75,125
MAdxOM,1,2.3333333333333335,200,40
PABqbd,0,0.3333333333333333,10,125
ZdRBP0,2,1.0,35,110
VZ16bE,2,2.3333333333333335,400,590
VZ168g,2,1.0,35,35
xdNWPy,4,1.6666666666666667,400,40
oAVjyx,2,1.0,75,40
ZdRBYz,1,2.3333333333333335,200,35
6dQBOB,1,1.6666666666666667,10,590
QABQr7,2,1.0,400,75
aBrM0v,1,0.3333333333333333,200,40
bl4J62,2,1.0,750,90
ZdRBRy,5,5.0,200,60
DVvGJq,2,1.0,750,540
42Nb1b,2,3.0,400,40
qbElY2,1,1.6666666666666667,10,500
ZdRBZa,1,1.0,1250,540
OABNzg,3,3.0,1250,500
xdNW0o,2,2.3333333333333335,1250,540
xdNWPo,0,0.3333333333333333,10,90
kYRPZR,1,0.3333333333333333,10,130
J2k4D4,4,1.6666666666666667,200,500
9dJKo1,2,1.0,1250,40
kYRPpd,3,2.3333333333333335,1250,40
BGbRD5,2,3.0,750,500
rlrZlR,0,0.3333333333333333,10,560
AlbXqk,2,1.0,200,630
rlrZKN,2,1.6666666666666667,1250,0
MAdxAA,0,0.3333333333333333,35,190
AlbXWB,1,2.3333333333333335,35,165
MAdxYp,2,1.6666666666666667,1250,40
oAVjKX,1,1.6666666666666667,1250,190
rlrZ2M,2,1.0,200,35
YZzAx6,1,1.0,1250,590
bl4JY2,2,1.6666666666666667,200,40
OABNdp,2,1.6666666666666667,1250,150
oAVjBP,1,0.3333333333333333,75,35
WAp70N,1,1.0,1250,690
LdM20v,1,1.6666666666666667,1250,60
lNlE46,1,1.6666666666666667,750,35
lNlE0W,1,2.3333333333333335,200,60
KMBj08,1,0.3333333333333333,10,0
jB9VJ6,0,0.3333333333333333,10,150
YZzAVq,3,5.0,750,125
jB9Vz9,1,1.0,200,0
0EjWPy,1,1.0,200,40
42NbpB,1,3.0,200,35
42NbGd,1,1.0,75,590
1r2aNO,2,1.6666666666666667,750,540
PABq2b,2,2.3333333333333335,1250,60
NABZBQ,2,3.0,200,540
NABZLB,0,1.6666666666666667,200,40
lNlENv,0,1.0,200,540
WAp7Pj,1,2.3333333333333335,750,540
rlrZqL,2,3.0,400,0
kYRPxZ,2,1.0,10,540
24x6JL,2,1.0,200,500
AlbX9N,0,0.3333333333333333,10,0
VZ16Zy,1,2.3333333333333335,1250,40
9dJK44,0,1.0,200,90
YZzAzd,3,1.0,75,60
RzB9gQ,2,1.6666666666666667,750,40
XeBbB4,3,1.6666666666666667,200,1050
24x67A,2,1.6666666666666667,75,0
zKQ6G8,1,0.3333333333333333,35,0
qbElE7,3,1.6666666666666667,35,500
PABqGd,0,0.3333333333333333,200,100
qbElN8,1,1.6666666666666667,400,35
9dJKWV,3,3.0,400,90
ylqa04,2,1.0,750,540
0EjWZ0,3,1.0,200,40
lNlEyv,2,1.6666666666666667,200,90
g5Nok1,2,2.3333333333333335,10,0
1r2a6L,2,1.0,200,35
g5NoNd,0,0.3333333333333333,10,690
LdM2qy,2,1.0,10,40
DVvGYX,2,2.3333333333333335,200,540
bl4JE6,2,1.6666666666666667,1250,40
xdNWLd,1,1.0,750,0
zKQ6gZ,0,0.3333333333333333,200,650
QABQkk,1,0.3333333333333333,200,100
OABNL7,1,1.6666666666666667,400,50
24x6ge,2,1.0,200,190
NABZyp,2,1.0,75,35
VZ16y6,2,1.0,75,50
pLP24V,1,1.0,35,150
6dQBM5,1,1.6666666666666667,750,135
24x6lA,2,1.0,200,40
42NbNO,2,2.3333333333333335,200,500
jB9VY1,1,0.3333333333333333,10,540
RzB9kP,0,0.3333333333333333,10,100
24x67b,2,2.3333333333333335,1250,0
YZzAZJ,1,2.3333333333333335,1250,80
zKQ6Za,3,0.3333333333333333,200,50
g5NogM,3,1.6666666666666667,750,0
VZ16MJ,2,0.3333333333333333,750,90
pLP2Pb,1,1.0,200,100
LdM2NJ,2,1.0,750,40
bl4JOL,1,1.6666666666666667,200,50
bl4Jy7,2,1.6666666666666667,1250,60
NABZv0,3,3.0,400,40
42NbLk,0,0.3333333333333333,10,0
9dJKvp,2,2.3333333333333335,750,1590
6dQB4o,1,2.3333333333333335,200,40
kYRPO6,4,1.0,750,100
ZdRBy5,2,1.0,200,500
oAVj01,1,1.0,75,260
AlbX8D,2,1.0,75,590
VZ16Mv,0,0.3333333333333333,200,40
pLP261,3,1.6666666666666667,1250,130
vNx9Vg,2,2.3333333333333335,1250,60
vNx9K8,2,1.6666666666666667,400,90
qbElBG,1,1.0,35,100
7d9kj6,1,1.0,750,130
KMBjkK,3,2.3333333333333335,750,135
zKQ6Ja,1,1.0,1250,500
AlbXOy,0,0.3333333333333333,10,60
PABqr0,2,1.6666666666666667,200,60
dY2yXr,1,2.3333333333333335,1250,35
jB9VrQ,0,0.3333333333333333,35,0
GrBPq2,0,0.3333333333333333,10,580
7d9k52,1,1.6666666666666667,750,250
0EjW5A,2,1.0,400,590
KMBjGK,2,1.0,400,35
vNx9gX,2,3.0,75,75
bl4J4o,2,1.0,400,0
24x6Rb,1,1.0,200,540
dY2ygD,2,2.3333333333333335,1250,0
ylqar8,2,2.3333333333333335,75,630
DVvG9l,0,1.0,200,190
RzB92v,1,3.0,400,60
jB9V7x,2,1.6666666666666667,750,150
EPbO6L,2,1.0,200,540
jB9VB4,2,2.3333333333333335,200,600
xdNWv9,4,2.3333333333333335,200,40
5dqApP,2,1.0,1250,540
LdM2k2,1,1.0,200,40
vNx9Lv,0,0.3333333333333333,400,590
zKQ64k,2,1.6666666666666667,200,60
5dqAko,3,1.6666666666666667,750,610
pLP2zE,1,1.6666666666666667,1250,600
NABZQp,2,0.3333333333333333,200,0
lNlE5V,1,1.0,400,130
VZ16Nl,2,1.0,750,0
0EjWyA,2,1.6666666666666667,75,500
EPbOel,3,1.6666666666666667,400,535
OABNKa,1,2.3333333333333335,1250,580
8dplAA,1,1.0,200,0
oAVjpN,1,1.6666666666666667,200,500
1r2agg,2,1.6666666666666667,200,230
EPbOgA,2,2.3333333333333335,1250,585
lNlEZX,1,1.0,200,575
5dqAgN,1,1.6666666666666667,400,0
RzB9z9,1,1.0,200,500
5dqADQ,2,3.0,400,690
24x6ze,3,1.0,35,0
jB9V21,2,1.0,75,35
0EjWGP,1,1.0,400,50
aBrMxB,2,2.3333333333333335,1250,40
KMBjAg,1,1.0,400,60
AlbXGl,3,1.6666666666666667,200,40
9dJKR1,2,1.6666666666666667,400,500
6dQBzA,2,1.0,200,500
dY2yKz,2,1.0,200,690
MAdxdX,1,1.0,10,40
6dQByN,1,1.6666666666666667,1250,225
dY2y1V,1,1.6666666666666667,1250,540
42NbAb,4,1.0,400,650
rlrZlN,1,1.0,35,500
VZ16xN,1,0.3333333333333333,400,0
OABNdK,2,1.6666666666666667,750,540
VZ16oa,4,2.3333333333333335,750,40
zKQ6zR,1,1.0,400,0
NABZJQ,2,1.0,400,90
ylqa8X,2,0.3333333333333333,400,75
KMBj2X,2,1.0,1250,60
jB9VRa,1,1.0,1250,60
aBrMLB,1,0.3333333333333333,10,540
YZzAAJ,4,1.6666666666666667,1250,0
9dJK05,2,1.0,400,40
24x6G9,1,5.0,750,60
rlrZQ2,0,0.3333333333333333,10,100
YZzA1B,2,3.0,750,650
xdNW7d,1,1.6666666666666667,1250,90
ylqaBg,0,1.0,75,40
jB9V84,1,2.3333333333333335,1250,1000
vNx95D,2,1.6666666666666667,1250,40
LdM22p,2,1.0,750,35
NABZ2j,0,0.3333333333333333,10,90
RzB9yj,2,3.0,75,500
qbElqg,2,1.6666666666666667,200,40
GrBPPk,1,0.3333333333333333,200,0
EPbOpX,2,1.6666666666666667,75,35
6dQBgk,1,1.0,200,40
VZ16Wy,0,1.0,200,35
GrBP8o,1,1.0,200,500
MAdxWM,2,1.0,10,190
J2k4Po,2,1.0,750,540
1r2a1W,2,2.3333333333333335,200,35
AlbXXz,1,1.6666666666666667,200,0
lNlExk,4,1.6666666666666667,200,60
g5NoBl,1,5.0,200,35
LdM2A1,2,5.0,75,60
24x6QL,1,1.0,10,540
bl4pZ2,1,1.0,1250,500
oAVj4V,1,2.3333333333333335,1250,40
QABQ6p,2,1.0,400,40
XeBbbY,3,1.6666666666666667,35,35
24x62j,1,0.3333333333333333,10,100
oAVjrV,1,0.3333333333333333,10,35
aBrMWv,2,1.6666666666666667,200,540
9dJK8Q,1,1.0,200,125
pLP2pB,4,1.0,75,650
24x6qV,0,3.0,10,90
EPbRKq,1,1.6666666666666667,1250,540
KMBEYM,1,1.0,75,540
qbElrG,4,1.6666666666666667,400,640
1r2aol,1,1.0,400,540
RzB9XJ,2,1.6666666666666667,200,0
rlrZ8R,1,1.0,200,0
5dq7BM,2,1.0,750,60
5dq7KM,2,1.0,400,540
oAVP61,0,0.3333333333333333,75,540
1r2ajQ,2,1.6666666666666667,400,110
5dq7bP,2,1.0,200,60
BGbRPN,1,1.6666666666666667,1250,235
YZzABW,2,1.6666666666666667,1250,540
zKQ6pq,1,0.3333333333333333,200,110
zKQ9E8,1,1.6666666666666667,750,0
vNxZPX,2,1.0,75,540
EPbRzo,2,1.6666666666666667,1250,1000
9dJkGG,2,1.6666666666666667,1250,35
dY2yyK,2,5.0,10,500
42N6r5,1,1.0,200,690
eBxXOl,1,1.0,75,540
7d9krR,1,1.0,400,80
PABxD0,1,1.0,35,500
24x6qp,1,1.0,200,615
ZdR7OA,1,1.0,200,580
pLPEBP,2,1.6666666666666667,200,40
YZzA85,2,5.0,1250,1560
AlbgPB,1,1.0,400,40
GrBPEL,2,1.0,10,190
OABNO7,1,1.0,200,540
dY2M0N,2,1.0,1250,275
oAVP25,2,1.0,200,110
jB9RlY,1,1.0,200,150
6dQBXB,2,1.6666666666666667,1250,0
J2kPqY,2,1.0,750,500
EPbOGB,1,1.0,1250,630
ylqQJ6,1,1.6666666666666667,200,210
QABZ2g,1,1.0,1250,60
bl4JPg,1,1.0,200,40
vNxZGA,2,2.3333333333333335,400,190
YZz6ZN,1,1.6666666666666667,200,0
0Ej9d0,1,1.6666666666666667,75,0
AlbgBo,1,1.6666666666666667,200,60
0Ej9BQ,2,1.6666666666666667,200,0
1r2eXO,2,1.0,75,540
VZ16WM,2,2.3333333333333335,1250,40
vNx9oQ,2,1.6666666666666667,1250,40
GrBGvj,1,0.3333333333333333,200,100
g5Nl9M,2,1.0,1250,665
qbEl89,2,2.3333333333333335,200,60
VZ162v,2,1.0,750,40
bl4pVe,2,0.3333333333333333,200,40
lNlG7v,2,1.0,200,500
aBrM8q,1,3.0,400,500
RzBNoP,1,1.6666666666666667,1250,40
EPbRQ2,2,2.3333333333333335,750,90
xdNqrJ,4,3.0,400,90
GrBGlQ,1,1.6666666666666667,1250,40
ZdRB40,2,5.0,750,500
7d9AW2,2,1.6666666666666667,75,150
PABqMQ,3,1.6666666666666667,1250,210
0Ej9V0,3,3.0,400,0
g5Nl5P,2,2.3333333333333335,1250,90
Albgdl,2,1.0,1250,140
zKQ9ME,1,3.0,400,1130
DVv85N,2,2.3333333333333335,750,500
VZ1e8M,1,1.0,200,0
aBrLEb,2,1.6666666666666667,750,35
24x6Wj,2,1.0,75,35
pLPEL1,3,1.0,200,40
qbErYG,4,2.3333333333333335,750,40
6dQlWP,3,2.3333333333333335,1250,60
OAB2Aa,2,1.6666666666666667,400,0
OAB2b7,2,2.3333333333333335,750,75
vNxZMd,2,1.6666666666666667,75,560
eBxXVe,2,3.0,750,35
DVvG6Z,0,2.3333333333333335,10,150
QABQqX,0,0.3333333333333333,10,90
GrBGXp,2,1.0,75,0
rlr4PX,1,1.0,75,50
LdMr0l,2,1.6666666666666667,75,0
eBxJ00,2,0.3333333333333333,10,590
zKQ90R,2,1.6666666666666667,1250,40
J2kPVo,2,1.0,200,190
42N6jr,3,1.0,10,710
qbErd5,1,1.0,10,540
8dpBAO,2,1.0,400,75
DVv81l,1,1.0,400,500
PABxBV,1,1.6666666666666667,200,0
5dq7jb,1,1.0,35,540
1r2ePM,1,1.6666666666666667,1250,300
1r2e7b,2,1.0,400,540
ZdR71z,1,1.0,400,590
LdMrWJ,2,1.0,200,150
6dQlOJ,1,1.0,35,630
KMBEyk,3,2.3333333333333335,75,200
bl4pNL,1,1.0,750,540
VZ162J,2,0.3333333333333333,400,710
rlr4p5,3,2.3333333333333335,1250,125
6dQl1k,1,2.3333333333333335,400,40
jB9R0a,1,1.0,1250,540
5dq786,1,1.6666666666666667,35,580
42N6zO,2,2.3333333333333335,1250,210
1r2erg,1,1.6666666666666667,1250,40
LdMrq2,2,1.6666666666666667,1250,40
MAd4VX,1,1.0,1250,630
42N69k,1,1.0,750,590
PABxYe,3,2.3333333333333335,1250,35
GrBGy2,3,2.3333333333333335,750,590
EPbRb4,2,1.6666666666666667,75,1000
ZdR7ya,1,1.6666666666666667,1250,0
bl4Jbo,1,1.0,400,50
lNlG96,1,1.0,200,540
ZdR7ga,1,1.6666666666666667,750,130
xdNWOy,2,1.6666666666666667,400,540
42N6Ro,2,1.6666666666666667,750,550
zKQ9BZ,1,1.0,400,540
5dq7GE,2,1.6666666666666667,400,40
g5NlDN,2,1.6666666666666667,200,540
42N6Do,2,1.0,200,590
WApWXL,3,1.0,75,130
xdNqlo,3,1.0,750,0
KMBE2z,2,2.3333333333333335,1250,60
5dq7xv,2,1.6666666666666667,35,0
QABZZY,1,1.6666666666666667,200,90
MAdx0p,2,1.6666666666666667,750,725
WApWgP,2,1.6666666666666667,200,650
eBxJ8J,1,1.6666666666666667,750,40
42N6Ob,1,1.0,200,80
WApWkQ,2,0.3333333333333333,10,75
KMBEEg,1,1.0,200,610
6dQldA,0,0.3333333333333333,200,540
rlr40N,2,1.6666666666666667,750,60
WApW6L,2,1.6666666666666667,10,40
g5NlBD,2,2.3333333333333335,1250,40
QABZOp,1,1.6666666666666667,200,50
KMBEgk,2,1.0,75,150
VZ1eAl,1,0.3333333333333333,35,500
YZz62W,1,1.0,10,600
8dpBBl,1,2.3333333333333335,1250,40
VZ1e6j,0,1.0,750,60
WApWWe,1,3.0,750,540
rlr4e2,1,1.0,1250,35
6dQlqY,1,1.6666666666666667,200,590
8dpB2A,1,1.6666666666666667,750,40
NABj2p,2,1.0,750,100
oAVPaM,2,2.3333333333333335,1250,40
DVv89p,2,1.6666666666666667,750,250
jB9RLJ,2,1.0,200,40
rlrZXl,2,1.0,400,540
XeBbpg,2,1.0,750,40
ZdR7e0,2,1.6666666666666667,750,100
WApWQJ,2,1.0,35,580
XeBaWz,1,1.0,750,40
WApWxv,2,1.6666666666666667,1250,0
AlbgoD,2,1.0,750,40
dY2MBK,1,1.0,1250,590
jB9jDa,1,1.6666666666666667,750,75
jB9RO4,1,1.6666666666666667,400,75
EPbRj4,0,0.3333333333333333,10,185
8dpX1O,3,1.6666666666666667,200,150
OAB6l8,2,1.0,35,40
J2kPNR,2,1.6666666666666667,400,280
ylqBN4,2,1.6666666666666667,75,335
LdMrQp,1,1.0,200,60
42N6WX,2,1.0,200,35
RzBAWd,1,3.0,200,0
oAVq21,1,1.0,1250,630
BGbyPK,2,1.0,200,40
OAB648,2,2.3333333333333335,400,540
KMB9Q8,2,1.6666666666666667,1250,0
rlr4zR,2,1.6666666666666667,200,500
5dq7WE,2,0.3333333333333333,200,500
eBxV50,2,0.3333333333333333,1250,60
vNxlyd,2,2.3333333333333335,1250,580
LdMePG,2,1.0,200,0
EPbRyr,2,0.3333333333333333,200,500
vNxZ70,2,1.0,1250,50
9dJ8D1,1,1.0,200,500
WApLzP,2,1.0,200,540
9dJ8Np,0,0.3333333333333333,35,60
AlbEzk,1,1.6666666666666667,400,540
MAdWKM,1,1.0,200,540
EPb2PL,4,2.3333333333333335,400,540
xdNAp9,2,1.6666666666666667,200,540
5dqJKo,0,1.0,750,540
rlrejl,1,1.6666666666666667,400,75
7d9yRP,1,1.0,750,535
rlre6L,2,1.0,75,50
DVvjzj,1,1.6666666666666667,1250,125
dY2Oqo,2,1.6666666666666667,400,500
AlbE6y,0,1.0,200,500
J2kQlJ,1,1.0,400,75
EPb20A,1,1.6666666666666667,1250,125
BGbrD1,1,3.0,750,500
RzBABK,0,0.3333333333333333,10,75
oAVqB5,2,1.6666666666666667,200,60
xdNAQE,1,5.0,1250,580
1r2LM4,1,1.0,200,0
rlredX,2,1.0,10,40
vNxlql,2,1.6666666666666667,400,540
XeBplg,1,1.0,750,75
EPb2do,1,1.6666666666666667,1250,0
24xW0D,2,1.0,200,540
oAVqvP,1,1.0,1250,100
J2kQMR,1,1.0,75,0
lNlxDk,2,1.0,200,500
ylqBx6,1,1.0,35,540
GrBZqL,1,1.6666666666666667,400,35
lNlxzk,2,0.3333333333333333,200,50
ZdRMve,1,1.0,35,600
jB9jga,1,1.6666666666666667,400,80
aBrRzB,1,0.3333333333333333,200,150
oAVq0b,1,1.6666666666666667,10,75
XeBpQg,1,1.0,750,40
pLPQ48,2,3.0,75,500
6dQgAY,4,3.0,750,0
xdNAoy,2,0.3333333333333333,10,500
ylqBoX,0,0.3333333333333333,10,40
eBxV8q,1,1.6666666666666667,200,35
oAVqa1,0,0.3333333333333333,10,290
24xpyV,3,3.0,1250,1190
0EjKGN,1,2.3333333333333335,400,35
1r2LyW,4,3.0,1250,130
NABavG,2,1.6666666666666667,400,500
YZz1bq,1,1.6666666666666667,750,35
EPb2gX,1,3.0,400,100
PAB78B,3,2.3333333333333335,200,40
8dpX8r,1,1.0,200,35
WApLda,0,1.6666666666666667,1250,60
0EjKy6,2,1.0,400,190
YZz1A0,0,0.3333333333333333,10,500
xdNA59,1,1.0,750,35
dY2Ooz,2,1.6666666666666667,750,500
NABaRj,2,1.6666666666666667,750,80
QABbZl,2,1.0,1250,540
5dqJoM,3,3.0,400,500
rlreXp,2,1.0,75,35
8dpXYA,0,1.0,750,540
KMB9AM,2,1.6666666666666667,75,590
WApLLL,3,1.0,35,1190
AlbEVy,2,1.6666666666666667,200,40
vNxl7g,1,5.0,1250,75
GrBZNe,2,2.3333333333333335,1250,40
YZz18v,1,1.0,750,40
7d9yy6,3,1.0,200,540
ylqB1g,1,1.6666666666666667,1250,35
PAB7M1,2,0.3333333333333333,75,60
zKQVxM,1,2.3333333333333335,750,40
lNlx8p,2,1.6666666666666667,1250,500
5dqNjo,1,2.3333333333333335,750,250
jB9j11,3,1.6666666666666667,200,75
5dqJYM,3,3.0,200,40
kYR2Dr,0,0.3333333333333333,10,540
zKQV7a,2,5.0,1250,40
8dp9Nz,0,2.3333333333333335,10,585
vNxlRX,4,2.3333333333333335,200,540
9dJe7p,3,3.0,1250,35
VZ1Kkj,2,1.0,200,40
WAp48j,3,1.6666666666666667,35,535
MAdWMA,5,3.0,400,50
xdNGXv,2,1.0,75,90
PABo6b,2,1.0,1250,575
OAB6OM,2,1.6666666666666667,1250,40
kYR2Ld,1,1.6666666666666667,200,50
0Ej4MZ,1,1.6666666666666667,200,500
BGbvpQ,3,1.0,75,1540
8dp9L5,4,2.3333333333333335,1250,50
EPbpKr,2,1.6666666666666667,35,75
MAd0AX,5,3.0,400,540
DVvLzq,3,3.0,750,560
XeBjEd,2,1.6666666666666667,1250,540
qbEyL9,0,0.3333333333333333,10,100
AlbkDW,3,3.0,1250,0
bl4axo,1,1.0,750,90
DVvLV5,1,5.0,750,60
8dp9jk,0,0.3333333333333333,35,60
24x2LA,2,1.6666666666666667,400,40
GrBM1j,2,1.6666666666666667,35,540
1r2L1g,1,1.6666666666666667,200,540
9dJelG,5,2.3333333333333335,750,0
xdNG0E,2,1.6666666666666667,750,340
24x2vA,2,1.6666666666666667,1250,0
LdM8M2,3,1.6666666666666667,200,40
jB9KW6,4,1.0,200,535
NABz8N,3,1.0,200,40
bl4aL2,1,1.0,200,340
J2ky8z,3,1.6666666666666667,1250,0
ZdRxV0,1,1.0,75,500
PABo0Q,3,1.6666666666666667,200,40
0Ej4lB,2,1.0,200,1040
QABGxl,5,2.3333333333333335,1250,540
24x2DM,2,1.6666666666666667,1250,0
MAd0qA,1,1.0,200,540
ZdRxgB,2,2.3333333333333335,1250,150
lNlp2B,1,5.0,10,540
GrBMjZ,2,1.6666666666666667,400,75
YZz2Ad,2,2.3333333333333335,750,500
dY274o,1,1.0,200,500
PABoP1,1,0.3333333333333333,400,540
GrBMEp,2,1.6666666666666667,200,600
NABz2Q,3,3.0,750,40
g5NB6d,2,0.3333333333333333,35,75
aBrWJv,3,1.6666666666666667,400,40
42NZA5,2,5.0,1250,0
RzBOyJ,2,3.0,1250,40
lNlp8B,2,1.0,750,590
EPbp2o,1,1.0,200,35
VZ1rGy,0,0.3333333333333333,200,35
kYRqad,3,1.0,1250,560
0Ej4X0,2,0.3333333333333333,400,0
eBxbko,2,1.6666666666666667,1250,500
bl4P96,1,3.0,400,150
MAd0WY,2,1.6666666666666667,750,60
9dJe8G,0,0.3333333333333333,10,110
vNxkjX,0,0.3333333333333333,10,500
VZ1rXg,0,0.3333333333333333,75,540
zKQVV8,2,2.3333333333333335,10,40
QABGgl,5,2.3333333333333335,750,40
EPb9ll,1,0.3333333333333333,35,40
24x26V,2,1.6666666666666667,1250,90
AlbZBe,1,1.6666666666666667,200,40
qbEyyd,1,2.3333333333333335,200,125
KMBbM8,1,0.3333333333333333,200,0
9dJVXE,2,1.6666666666666667,400,100
zKQl7M,1,1.0,400,500
pLParP,2,1.6666666666666667,1250,540
VZ1g0g,1,1.6666666666666667,400,150
GrBW9e,2,1.0,75,710
aBrWpq,3,1.6666666666666667,750,540
5dqRxZ,1,1.0,1250,165
jB9Ne1,2,1.0,200,40
KMBbo8,2,2.3333333333333335,1250,575
DVvQKl,1,0.3333333333333333,10,35
dY2rYo,1,2.3333333333333335,1250,740
24x2Jb,4,1.6666666666666667,1250,500
ylqL9x,2,0.3333333333333333,35,625
BGbNGQ,1,2.3333333333333335,750,540
g5N2AO,1,1.0,200,500
eBx4zJ,1,1.0,400,840
VZ1gxN,3,1.6666666666666667,750,625
EPb9Y2,0,1.0,1250,500
XeBX9e,2,1.0,35,80
oAVWQN,5,2.3333333333333335,400,40
6dQoVo,2,3.0,1250,40
NABzGb,1,1.6666666666666667,400,40
EPb9El,2,5.0,400,575
pLPgv1,0,1.0,35,130
24x2lM,1,1.0,200,600
OABRKR,2,2.3333333333333335,1250,40
24xpWb,1,1.0,1250,125
lNlxeW,3,1.0,1250,60
OAB6ER,1,0.3333333333333333,1250,40
DVvQbX,2,1.0,200,40
jB9jR9,2,1.6666666666666667,1250,650
KMBbAX,2,1.6666666666666667,200,625
rlr7bo,2,1.6666666666666667,1250,540
J2k7jK,0,0.3333333333333333,10,110
ZdR0bB,1,0.3333333333333333,35,540
bl4P1Z,0,1.0,75,40
bl4Pag,2,1.0,750,125
1r28gg,4,3.0,400,540
BGbNr5,3,0.3333333333333333,75,40
GrBWAZ,2,1.6666666666666667,400,60
xdNKWr,1,1.0,1250,40
9dJVkQ,2,1.6666666666666667,200,0
OABvZY,1,1.0,200,540
42NeJo,4,1.6666666666666667,750,0
ylqV46,1,1.0,75,590
pLP8oy,2,1.0,200,500
5dqW9v,1,1.0,35,50
ylqVl8,1,1.6666666666666667,200,90
0EjNE9,1,2.3333333333333335,750,35
kYRMEZ,2,1.6666666666666667,200,90
8dp7Zk,0,1.0,1250,60
WApxEL,1,1.0,200,40
EPbyLB,2,1.0,400,540
xdNOZv,2,1.6666666666666667,1250,0
24x02L,2,1.6666666666666667,1250,575
WApxeN,1,1.0,1250,40
J2k5Vo,2,1.0,400,40
VZ129g,1,1.6666666666666667,400,590
NABGBl,1,1.6666666666666667,200,540
VZ12oJ,2,1.6666666666666667,200,40
J2k5Md,2,1.0,400,35
EPbyvX,1,1.0,200,315
oAVXgX,3,1.6666666666666667,200,540
qbE0ek,1,1.0,1250,630
g5NKXM,1,1.0,200,150
24xQRp,1,0.3333333333333333,750,40
xdNO19,0,1.0,10,0
vNxoVX,0,0.3333333333333333,75,1080
24xQGe,1,1.0,75,500
eBxkrJ,2,1.6666666666666667,1250,590
rlrzbp,1,1.6666666666666667,200,100
xdNOWd,1,1.6666666666666667,1250,500
qbE09g,1,1.0,200,590
VZ12rM,3,1.6666666666666667,750,0
GrB8jz,2,1.0,75,150
pLPlbq,2,1.0,1250,60
24xM8L,3,1.0,750,590
QABP67,2,3.0,200,200
6dQaoJ,2,1.6666666666666667,200,125
PABVZx,2,1.6666666666666667,400,40
OABWXK,2,1.0,200,590
ylqWYp,2,1.0,400,650
VZ1kGv,2,1.0,400,560
bl40qo,0,0.3333333333333333,200,630
NABelG,1,1.0,75,625
5dqy9M,2,1.6666666666666667,35,90
kYRVEJ,1,2.3333333333333335,1250,35
Alb1GN,2,0.3333333333333333,35,1500
rlrxo5,2,1.0,75,540
OABW5A,1,1.0,10,40
zKQPpR,2,1.6666666666666667,200,0
WApvYR,0,1.0,1250,540
xdNOlo,1,0.3333333333333333,200,35
NABe7W,2,1.6666666666666667,75,135
aBr8zB,2,1.6666666666666667,1250,90
MAd98k,2,1.6666666666666667,1250,35
xdNel5,3,2.3333333333333335,400,35
xdNe6r,0,0.3333333333333333,35,35
42NgdO,2,1.6666666666666667,400,40
5dqyVo,2,1.0,75,190
QAB6JY,1,1.6666666666666667,200,40
DVvlbq,1,0.3333333333333333,400,90
qbE2M2,1,1.6666666666666667,400,600
5dqyoM,0,0.3333333333333333,10,100
24xMzp,2,3.0,1250,580
RzB7Qp,0,1.0,75,75
GrB2GQ,2,1.0,200,40
MAd9WE,1,1.0,400,500
oAV4YX,2,1.6666666666666667,200,85
g5NRxN,1,2.3333333333333335,400,540
42NgM5,2,1.0,400,500
lNlPqW,1,1.0,400,60
aBr8JE,1,2.3333333333333335,1250,40
42Ne8r,1,1.0,750,175
XeBK0d,1,1.0,1250,0
ZdRpqV,3,1.6666666666666667,400,40
24xM5V,2,1.0,400,100
9dJzzE,1,1.6666666666666667,400,690
dY258K,4,1.6666666666666667,1250,575
YZzEjJ,3,1.0,400,630
PABMpV,5,1.0,75,100
xdNkX5,0,1.0,10,500
LdMA7v,1,1.0,400,100
XeBKZP,2,2.3333333333333335,75,75
jB9dPx,2,2.3333333333333335,750,60
42NWaY,2,1.6666666666666667,1250,60
KMBq7X,1,1.6666666666666667,75,60
oAVry1,1,5.0,400,40
QABgJk,2,1.6666666666666667,1250,580
DVvl6p,2,1.0,200,150
8dpveY,2,1.6666666666666667,35,500
DVvrvp,2,2.3333333333333335,200,500
ylqKZX,1,1.0,75,115
VZ1RYl,2,1.6666666666666667,750,35
rlrNpR,1,1.6666666666666667,400,580
vNx710,0,1.6666666666666667,750,40
DVvrMl,3,3.0,200,190
bl4B20,2,2.3333333333333335,200,0
WApGZk,2,1.0,1250,60
7d9BgZ,4,1.0,75,590
PABaYx,3,1.6666666666666667,1250,500
GrBNyk,2,3.0,750,190
vNx7pD,1,5.0,1250,540
24xqzL,5,5.0,1250,60
jB9O5J,2,1.6666666666666667,200,35
aBrbpq,2,0.3333333333333333,10,190
rlrx85,1,1.0,35,40
eBxdOE,2,1.0,10,40
BGbO2e,1,1.0,35,35
NABKaW,2,1.6666666666666667,400,540
g5NyOD,2,1.6666666666666667,400,150
ylqKLW,2,2.3333333333333335,750,0
ylqK54,2,1.6666666666666667,200,40
ZdR4pA,2,3.0,1250,600
jB9dOY,1,1.0,750,580
1r2ZLO,1,3.0,400,40
qbYZaO,2,2.3333333333333335,400,540
AlboEW,2,1.0,750,40
BGL4dR,1,1.6666666666666667,200,150
jB0DlJ,1,1.0,75,575
eBNZDx,0,0.3333333333333333,200,75
J2VKAR,2,1.0,75,60
jB0DQ4,0,0.3333333333333333,10,35
0Ebr79,2,1.6666666666666667,200,540
qbYZR9,1,1.6666666666666667,1250,540
yl0ZDB,3,1.0,400,40
xd0xPo,1,2.3333333333333335,1250,0
XeRlWY,1,1.6666666666666667,200,60
eBNZA0,2,1.0,35,1040
aBjN4X,1,0.3333333333333333,35,150
VZ9EVv,1,0.3333333333333333,35,60
yl0Zep,2,1.6666666666666667,200,600
dYZqdK,1,1.0,200,540
eBNZzJ,1,1.0,400,90
J2VKGX,2,1.0,1250,125
PABaAP,2,1.0,10,135
YZoDgv,1,3.0,1250,0
ZdG5yV,1,1.0,75,500
QAx2qG,1,1.0,400,0
bl2Vy6,2,1.6666666666666667,1250,40
Grovo2,1,0.3333333333333333,10,575
0Ebry9,1,1.0,200,165
PA2jNB,2,1.0,1250,60
VZ9Eyj,1,1.6666666666666667,750,100
WAe9GJ,3,2.3333333333333335,1250,95
eBNZdq,1,3.0,1250,540
BGL4r5,1,1.0,75,40
KMPQ9A,3,1.0,400,0
1rbP1M,1,0.3333333333333333,200,535
EPBkqq,3,5.0,1250,75
MArKXl,1,1.6666666666666667,75,60
24bEBg,2,1.6666666666666667,1250,540
yl0PXW,1,1.6666666666666667,200,40
zK0xYg,2,2.3333333333333335,750,0
RzZG44,1,1.6666666666666667,200,40
42142r,2,1.0,200,540
BGLzXe,3,2.3333333333333335,1250,540
MAreLA,2,2.3333333333333335,400,150
OAjDGM,1,1.6666666666666667,1250,0
jB0aW4,1,1.0,200,575
dYZWjK,2,1.6666666666666667,750,540
pLPjdJ,2,1.6666666666666667,750,185
EPBkPl,0,1.0,400,500
0EbQbN,1,1.0,400,575
yl0PeB,0,0.3333333333333333,200,500
8dJ1rA,0,0.3333333333333333,10,40
aBjQgW,2,2.3333333333333335,750,0
aBjQyy,1,1.6666666666666667,75,600
jB0ap9,2,1.6666666666666667,750,730
7dJRez,1,1.6666666666666667,750,190
BGLz71,2,2.3333333333333335,750,150
NA4p5W,1,1.6666666666666667,750,1190
lNlQkv,2,1.0,750,500
8dJoAY,2,1.0,750,40
6d18yo,0,0.3333333333333333,400,40
dYZWer,1,1.0,75,90
YZo58J,3,5.0,1250,260
8dJ175,1,0.3333333333333333,10,500
XeRxKg,1,3.0,400,150
rl0jRp,1,1.6666666666666667,750,535
rl0DO5,2,1.6666666666666667,750,580
421a7B,1,0.3333333333333333,10,40
vN0XBX,5,1.0,200,540
yl0XYW,1,1.0,1250,0
NA4q0p,1,1.0,200,540
7dJXK9,3,1.6666666666666667,750,0
WAeJek,2,5.0,35,500
Al6rdo,1,1.0,750,60
yl0Xdg,2,1.6666666666666667,1250,40
KMPpk8,0,0.3333333333333333,10,550
rl0DJN,0,0.3333333333333333,75,80
6d1DWJ,0,0.3333333333333333,10,0
zK0EJk,1,0.3333333333333333,1250,540
8dJNGr,2,5.0,1250,95
XeR5zg,1,1.0,400,130
bl25aZ,2,1.6666666666666667,1250,60
xd0Vgo,3,2.3333333333333335,1250,540
9d6NaY,3,1.0,200,500
g5QbLJ,2,1.0,1250,60
OAjQg8,1,1.0,200,75
PA2RWQ,1,1.6666666666666667,1250,40
PA2RLd,2,0.3333333333333333,10,600
qbY58k,2,2.3333333333333335,1250,40
LdEDeJ,1,1.6666666666666667,1250,1000
g5QbEJ,2,1.6666666666666667,400,535
xd0VLG,2,1.0,750,165
RzZWAQ,1,3.0,1250,60
kY0bMr,2,1.0,400,0
YZojoW,3,1.0,200,90
0EbV9P,2,1.0,1250,60
oA09Xb,1,1.6666666666666667,750,210
bl2ZB1,3,3.0,750,200
jB0ZZa,2,1.0,400,500
dYZENo,2,1.6666666666666667,35,0
aBj94v,2,1.0,200,500
pL0ryq,1,1.6666666666666667,400,50
qbYLA2,1,1.6666666666666667,750,60
24bX4p,1,0.3333333333333333,75,100
oA0E9P,2,1.6666666666666667,200,500
PA2pOb,1,1.6666666666666667,400,575
eBNMEE,3,2.3333333333333335,750,40
XeRLLg,2,1.0,750,200
yl0Mjd,0,0.3333333333333333,10,190
1rbXOl,3,3.0,750,60
Al6zN0,2,1.0,750,500
24bXgj,2,1.0,75,115
YZoPDW,0,1.0,1250,1000
lN0BYo,2,1.6666666666666667,400,540
yl0Mgx,3,1.6666666666666667,750,540
dYZEVo,0,0.3333333333333333,10,40
jB0Z4E,2,0.3333333333333333,10,0
Al6zgW,1,2.3333333333333335,1250,60
9d6BKG,0,0.3333333333333333,10,40
vN0rj4,2,1.6666666666666667,200,150
LdEZRv,2,1.0,1250,500
RzZxOP,3,0.3333333333333333,200,60
dYZELD,0,0.3333333333333333,10,100
oA0D9b,2,2.3333333333333335,400,630
DVXKql,2,1.6666666666666667,400,75
MArXjX,2,3.0,750,690
7dJbL0,1,1.6666666666666667,75,790
OAjlzR,0,0.3333333333333333,400,50
qbYaBY,1,1.6666666666666667,200,35
aBjeBv,1,1.0,75,0
RzZd4d,1,1.0,10,150
yl0Nx4,2,1.0,200,40
VZ9j8J,1,1.6666666666666667,75,540
XeRrBO,1,0.3333333333333333,10,690
ZdG8b0,4,5.0,1250,590
XeRrOd,2,2.3333333333333335,200,1840
6d1eA5,1,0.3333333333333333,10,35
kY09zd,3,1.0,200,40
6d1epo,2,3.0,1250,40
bl29y1,1,5.0,750,500
lN0qY6,3,1.0,750,40
RzZd2Q,2,1.0,200,0
eBND8k,0,1.0,200,500
lN0BDN,1,1.6666666666666667,200,85
24bXyj,1,1.6666666666666667,400,260
RzZdlK,2,2.3333333333333335,750,80
YZoR15,2,1.6666666666666667,750,0
g5QeBd,0,0.3333333333333333,10,225
kY09M6,3,1.0,750,1210
XeRJxV,3,1.6666666666666667,750,500
EPBddA,2,0.3333333333333333,200,40
kY0eNZ,3,1.6666666666666667,1250,125
VZ9QGl,2,1.6666666666666667,75,500
vN0eAl,3,3.0,1250,125
EPBdQl,2,1.0,200,40
RzZM8d,1,1.0,400,40
QAxe0G,1,0.3333333333333333,750,40
RzZMvJ,3,1.0,400,40
8dJapO,2,2.3333333333333335,200,540
dYZaZq,1,1.0,400,35
pL0y5E,1,1.0,750,0
8dJa6x,2,1.6666666666666667,750,75
7dJLP9,3,5.0,1250,90
DVXkPX,4,1.6666666666666667,1250,35
ZdGEWv,0,0.3333333333333333,35,635
6d1jYN,1,0.3333333333333333,35,575
EPBde2,2,2.3333333333333335,750,500
WAeEMN,2,1.0,750,40
PA21Nx,1,0.3333333333333333,1250,150
jB06VJ,2,1.0,200,60
OAj46g,2,1.6666666666666667,35,80
KMP57A,2,2.3333333333333335,750,560
bl2j0g,0,0.3333333333333333,10,0
PA29Rb,0,0.3333333333333333,10,150
KMPxY7,3,1.6666666666666667,400,40
9d6ZDK,1,1.0,75,500
zK0M20,1,1.0,200,40
MAra58,2,2.3333333333333335,1250,0
jB0ovx,3,5.0,200,500
dYZ08o,0,0.3333333333333333,10,500
PA29Pb,1,1.0,200,0
xd0Dlr,0,0.3333333333333333,200,150
J2VlWo,4,1.6666666666666667,200,500
dYZ0pA,1,1.0,750,35
aBj40Z,3,1.0,400,150
7dJKYz,2,1.6666666666666667,400,40
MAraqY,3,1.0,750,60
WAeRaL,1,1.0,750,540
XeRoaz,1,1.0,750,75
VZ9Pya,2,1.6666666666666667,1250,40
24bAoL,1,1.0,200,0
6d1KqA,2,1.0,200,40
WAeRxk,1,0.3333333333333333,35,540
5dl90b,2,1.6666666666666667,1250,500
OAjXOY,2,1.6666666666666667,750,625
RzZojd,1,2.3333333333333335,1250,60
24bA0e,2,1.6666666666666667,200,80
421KXY,5,0.3333333333333333,10,75
oA026x,3,1.0,75,35
8dJZzO,1,1.0,1250,40
8dJZN5,5,1.0,200,35
EPBxxN,2,1.0,200,535
6d1Zx5,2,1.0,200,0
lN060X,1,0.3333333333333333,200,600
421K15,3,1.6666666666666667,200,90
WAeRVL,3,1.0,1250,540
7dJN5Z,0,0.3333333333333333,200,500
J2VOgo,2,2.3333333333333335,1250,0
eBNRqx,2,1.6666666666666667,200,585
9d67bK,0,1.6666666666666667,75,40
421r7Y,3,1.0,1250,540
WAezOe,1,1.0,200,35
YZoajN,0,0.3333333333333333,750,800
EPBWPX,2,1.0,1250,540
24bX0b,1,1.0,750,100
LdEPgv,0,0.3333333333333333,10,80
BGL7D7,2,1.6666666666666667,75,0
QAxRll,1,0.3333333333333333,75,80
LdEpLj,1,1.0,750,115
eBNRJO,3,1.0,400,140
rl0Pev,3,1.0,750,40
6d1NEP,1,1.6666666666666667,750,540
pL0OXB,2,1.6666666666666667,1250,40
rl0ABp,2,1.0,1250,0
oA0MD5,2,1.6666666666666667,200,540
421x2Y,1,0.3333333333333333,200,540
PA25pP,1,1.6666666666666667,1250,85
bl2xOZ,0,0.3333333333333333,75,500
VZ9Jzy,2,2.3333333333333335,750,130
Al6Lvy,1,1.0,75,130
aBjYvE,2,1.0,400,75
GrodaO,2,1.6666666666666667,1250,540
EPBQjN,2,1.0,200,240
7dJ26P,2,1.0,400,540
PA26z0,3,3.0,750,40
PA2690,1,1.0,10,615
OAj56R,3,1.0,1250,560
jB0yy1,1,0.3333333333333333,1250,540
LdEbJl,2,1.0,750,500
7dJW4R,2,1.6666666666666667,400,110
OAjzjg,2,1.6666666666666667,400,615
dYZ62d,4,2.3333333333333335,1250,0
KMP6W8,1,1.0,200,735
GrozzO,1,0.3333333333333333,75,60
RzZ0Y4,2,2.3333333333333335,1250,110
8dJQar,2,1.6666666666666667,1250,740
KMPl5D,2,1.0,200,540
qbYDVO,3,2.3333333333333335,400,60
PA2D2d,3,1.6666666666666667,400,35
WAeN6Q,2,1.6666666666666667,750,125
8dJKgY,3,1.0,1250,0
DVXNop,1,1.0,400,100
YZoQK6,2,1.6666666666666667,1250,125
ZdGNey,3,1.0,1250,690
zK0qVk,2,1.0,10,0
Al6dOW,2,1.0,750,575
RzZ01P,3,1.0,200,540
zK0qR8,2,0.3333333333333333,200,150
J2V26Y,1,1.0,200,640
RzZzMJ,0,1.0,400,150
XeReMe,2,1.6666666666666667,1250,35
bl2lkE,1,1.6666666666666667,750,0
oA0AgP,1,2.3333333333333335,75,100
RzZzg9,3,1.0,200,40
QAxAqg,2,1.6666666666666667,1250,0
Al6lgN,2,1.6666666666666667,750,40
RzZ4x4,0,1.0,10,40
bl2klo,2,3.0,1250,875
KMPMg8,1,1.0,750,60
PA2Eq5,1,1.0,1250,580
24brbV,3,1.0,750,500
vN020Q,2,2.3333333333333335,200,540
yl0D7W,1,1.0,10,540
xd0Z4G,2,2.3333333333333335,1250,0
pL0VEB,0,1.0,75,500
PA2E9V,1,1.0,400,590
lN0LKk,2,1.0,400,0
RzZYXK,2,1.6666666666666667,1250,50
oA0dW5,0,0.3333333333333333,35,40
OAjJ0K,2,1.0,750,110
yl0EqW,1,0.3333333333333333,35,50
rl0dJp,2,1.0,200,540
zK0rl8,0,0.3333333333333333,10,35
QAxB11,4,1.0,750,535
7dJ9VA,2,1.6666666666666667,75,40
kY005o,1,1.0,750,650
8dJJGz,2,3.0,200,540
zK00O8,2,3.0,200,580
6d1rZe,2,1.6666666666666667,1250,540
RzZv5d,0,0.3333333333333333,10,1540
PA2krV,2,2.3333333333333335,750,35
BGL0v1,1,2.3333333333333335,750,0
0EbG0A,2,1.0,750,35
QAxXXp,2,5.0,400,40
VZ9yLy,4,3.0,400,0
dYZVYz,2,1.0,1250,35
421dxO,2,1.6666666666666667,750,1540
g5QpyD,1,1.0,200,590
ZdGyJa,1,1.0,1250,540
6d159J,2,0.3333333333333333,200,1000
9d6yGX,2,1.0,750,40
EPBEDN,2,1.6666666666666667,750,0
OAj9JK,1,1.0,400,0
VZ9APy,3,1.6666666666666667,750,0
zK02pE,2,1.6666666666666667,400,1035
pL09rJ,1,1.0,75,630
vN01zX,2,1.6666666666666667,750,540
dYZ1Ly,3,1.6666666666666667,400,40
yl0p26,1,1.6666666666666667,1250,500
xd0LMk,1,1.6666666666666667,1250,100
0EbyNZ,1,1.6666666666666667,750,560
EPBrrA,1,1.6666666666666667,750,590
dYZ4Lq,2,1.6666666666666667,1250,190
aBjPVB,3,1.0,750,80
WAeXWR,2,2.3333333333333335,200,540
Al6NMo,0,1.0,200,40
RzZQG9,3,1.6666666666666667,1250,85
pL0X88,1,1.0,1250,0
YZoXgd,1,0.3333333333333333,200,0
Al6Ypk,1,1.0,750,550
xd07Jo,3,1.0,75,540
XeRdOY,2,1.0,200,0
421Y15,2,3.0,400,500
yl0pvg,2,1.0,35,550
kY04pR,2,2.3333333333333335,1250,40
WAe6Bj,0,0.3333333333333333,750,0
EPBGrX,2,1.0,400,500
GroVAj,3,2.3333333333333335,750,0
RzZQyl,2,1.0,1250,700
YZob20,2,1.0,35,230
VZ9aKE,1,1.6666666666666667,750,650
4210X5,3,2.3333333333333335,750,1040
BGLoze,2,1.6666666666666667,1250,540
kY04Md,2,1.6666666666666667,1250,580
yl0bW6,2,1.0,400,80
bl2RdL,1,2.3333333333333335,75,540
jB0r8R,1,2.3333333333333335,35,150
EPBVKl,2,3.0,200,40
aBjJeX,2,2.3333333333333335,200,35
MArZAp,3,1.6666666666666667,200,90
Al6YG0,1,1.0,400,540
xd0byG,1,0.3333333333333333,750,40
ZdGkZA,1,0.3333333333333333,35,535
xd0bvk,1,1.6666666666666667,400,500
421Yyk,1,1.6666666666666667,200,50
vN069v,1,1.6666666666666667,400,150
QAx9Ol,2,1.6666666666666667,35,540
zK0B5a,1,1.0,750,540
7dJ0a6,1,1.6666666666666667,1250,90
bl2RPe,1,2.3333333333333335,400,1000
LdExxv,2,1.0,400,0
xd0bKG,1,1.0,400,150
ZdGb5v,1,1.0,750,0
aBjpNy,2,3.0,1250,500
7dJ7L2,3,1.6666666666666667,75,100
ZdGb8A,3,1.6666666666666667,400,130
WAeaYN,2,1.6666666666666667,1250,585
421lqd,3,2.3333333333333335,400,75
KMPrWM,1,2.3333333333333335,750,40
NA42jj,2,1.0,750,590
5dlaPZ,1,0.3333333333333333,10,40
1rbQLl,3,3.0,1250,60
VZ9WWj,2,0.3333333333333333,200,40
J2VE7o,3,1.6666666666666667,750,0
pL0prV,0,0.3333333333333333,10,130
8dJbO5,1,1.0,200,40
MArpbE,4,1.0,75,540
EPB7JB,2,1.0,750,0
bl2QVo,2,1.0,75,580
1rbogO,2,2.3333333333333335,750,0
ZdGrXv,1,1.0,400,40
5dlP0b,3,1.6666666666666667,1250,150
yl0574,2,1.6666666666666667,400,500
7dJYrL,3,0.3333333333333333,1250,150
pL0p0B,0,1.6666666666666667,10,0
NA41kO,1,1.6666666666666667,1250,40
RzZ9Md,2,3.0,400,110
EPBVEB,2,1.0,200,540
LdE2P1,2,1.0,400,40
1rbav4,2,3.0,1250,540
qbYlJg,1,2.3333333333333335,1250,540
24b6lD,3,2.3333333333333335,75,0
YZolB0,0,0.3333333333333333,750,0
WAe71v,1,1.0,200,540
5dlAod,2,1.6666666666666667,750,0
J2V4BR,1,1.6666666666666667,1250,35
6d1Bx5,1,1.6666666666666667,1250,0
aBjMgv,1,1.0,200,610
LdE2B1,5,5.0,35,540
GroPMQ,2,1.6666666666666667,1250,500
8dJlOk,1,1.6666666666666667,750,540
yl0aKd,1,3.0,400,40
LdE2AJ,1,1.0,200,150
ZdG7oB,3,3.0,1250,500
OAj2QY,1,1.0,200,640
QAxZKY,2,1.0,10,650
VZ9eEj,2,1.0,400,40
QAxZoX,1,1.0,750,500
24bWa9,2,1.0,200,80
RzZNGK,2,1.6666666666666667,1250,500
kY0o0j,1,1.0,400,190
EPBO42,2,1.6666666666666667,200,500
LdErgl,4,5.0,1250,40
dYZM4K,2,1.6666666666666667,750,40
4216Gr,1,1.6666666666666667,750,540
OAj2P8,2,1.6666666666666667,200,540
g5Ql6l,0,1.0,400,240
1rbQAL,2,1.0,200,500
PA2xLe,1,1.0,35,750
zK09P8,1,1.6666666666666667,200,590
MArW1E,2,1.6666666666666667,400,165
J2VQK7,2,1.6666666666666667,750,100
KMPEj7,2,2.3333333333333335,1250,135
zK09M0,2,1.6666666666666667,200,0
kY0oQe,2,1.0,400,500
J2VQqz,0,0.3333333333333333,10,75
OAj6lM,2,1.0,75,0
YZo1QW,2,5.0,1250,590
ZdGM2V,2,0.3333333333333333,400,60
pL0QyP,2,1.0,750,190
ZdGMlo,1,0.3333333333333333,10,590
g5QEA4,3,1.0,400,100
kY02eZ,2,1.6666666666666667,750,115
bl2oOL,2,2.3333333333333335,1250,190
xd0APy,3,3.0,75,40
EPB28o,1,0.3333333333333333,10,540
24bpOV,2,5.0,35,540
EPB2bN,3,2.3333333333333335,400,40
LdEeGp,2,1.0,1250,130
MArWLM,0,0.3333333333333333,10,535
yl0QNX,1,1.6666666666666667,35,130
rl0ek5,3,1.6666666666666667,400,125
bl2oKe,2,5.0,1250,190
NA4a8G,0,0.3333333333333333,35,40
7dJy1L,1,0.3333333333333333,10,500
oA0qlV,2,1.6666666666666667,750,540
pL0EGV,2,1.6666666666666667,750,40
PA27Bb,1,1.0,35,300
RzZNVQ,1,5.0,1250,540
9d6k64,3,2.3333333333333335,1250,185
xd0qov,2,5.0,10,150
24bDag,1,1.0,1250,50
aBjRaE,1,1.6666666666666667,400,240
rl0eqL,1,1.0,750,540
PA27P0,1,2.3333333333333335,1250,590
xd0ABE,2,1.6666666666666667,35,40
8dJXEo,2,1.6666666666666667,1250,35
ZdGML5,2,2.3333333333333335,400,40
5dlJgQ,2,1.6666666666666667,400,0
LdEejy,0,1.0,200,40
EPB2YA,2,1.6666666666666667,1250,60
6d1gzN,1,1.0,1250,125
KMP9bA,2,2.3333333333333335,200,0
J2VQ54,2,2.3333333333333335,1250,540
lN0x46,2,1.0,1250,500
5dlJ7E,3,1.6666666666666667,75,50
BGLrPN,2,1.0,400,130
8dJ9NA,2,2.3333333333333335,400,100
vN0Re8,1,1.6666666666666667,750,0
YZo1L5,1,0.3333333333333333,750,500
zK0VKg,2,1.6666666666666667,750,75
rl0XVo,3,3.0,200,500
PA2o5x,2,1.6666666666666667,750,540
qbYyb5,1,1.6666666666666667,750,40
eBNbAx,2,1.6666666666666667,1250,150
OAjR0a,2,1.6666666666666667,750,40
KMPXLX,2,1.0,1250,35
kY0LAr,2,1.6666666666666667,1250,40
jB0KLJ,2,1.0,35,40
Al6kbz,2,1.6666666666666667,1250,40
WAe4Mv,2,5.0,10,625
9d6eEV,2,1.6666666666666667,400,100
6d1qWP,2,1.6666666666666667,200,35
BGLvAQ,2,1.6666666666666667,1250,40
YZo2x5,2,2.3333333333333335,200,150
ZdGxvo,1,1.6666666666666667,400,40
aBjWKB,1,2.3333333333333335,1250,75
24b2lj,1,1.0,35,75
8dJ9RO,2,1.6666666666666667,1250,0
MAr0PY,2,1.0,200,540
lN0pzW,2,1.0,200,110
NA4zdQ,2,1.0,750,60
GroMYZ,1,1.0,75,75
jB0KJx,1,1.6666666666666667,1250,540
EPBpMN,2,1.0,1250,540
24b2Vp,2,5.0,1250,540
1rbjEg,2,1.6666666666666667,200,590
6d1q4e,1,1.0,1250,500
jB0Kq9,1,0.3333333333333333,10,1000
zK0VO1,3,1.6666666666666667,1250,60
g5QBpN,3,1.6666666666666667,1250,575
9d6ey1,1,3.0,750,540
vN0R6X,2,1.6666666666666667,400,500
EPBpo2,2,1.6666666666666667,400,75
bl2aG2,1,1.6666666666666667,1250,35
QAxGkp,1,1.0,200,40
ZdGxB5,1,1.6666666666666667,1250,590
xd0G5k,4,1.0,400,40
J2VyvX,1,1.6666666666666667,1250,50
7dJQ9R,2,2.3333333333333335,1250,0
7dJQOz,2,1.6666666666666667,400,90
8dJ9Xl,2,1.6666666666666667,750,165
rl0XKo,1,1.0,750,40
OAjRqk,2,0.3333333333333333,75,50
g5QBoJ,1,5.0,200,280
RzZO7j,2,1.6666666666666667,400,40
8dJ9vP,1,1.6666666666666667,400,90
GroW6p,3,1.6666666666666667,35,0
YZo2Av,2,1.0,750,110
1rbjQ4,1,1.0,400,35
421Z6r,1,0.3333333333333333,75,60
PA2oG5,2,1.6666666666666667,750,500
OAjv1R,2,1.0,200,35
lN0Q65,2,1.0,200,115
DVXQzb,2,2.3333333333333335,1250,600
DVXLgN,1,5.0,1250,500
Al6kVz,2,2.3333333333333335,750,500
EPB9LA,1,1.0,75,500
rl07A5,1,1.0,75,150
5dlRvv,2,3.0,750,40
5dlRb6,3,1.6666666666666667,750,40
aBjWWX,2,2.3333333333333335,400,35
RzZp4P,1,1.0,1250,540
PA2KBx,1,1.0,35,500
rl07PM,1,2.3333333333333335,750,540
rl07dX,1,1.6666666666666667,35,40
5dlRpZ,2,2.3333333333333335,1250,60
5dlReZ,1,3.0,35,0
xd0G4r,2,1.0,200,40
9d6VR5,0,0.3333333333333333,10,0
eBN46E,1,1.0,200,150
pL0a41,1,1.0,1250,150
rl07vR,3,1.0,200,140
PA2K5d,1,2.3333333333333335,750,75
LdElkp,3,1.6666666666666667,200,90
xd0KYG,2,1.6666666666666667,750,0
zK0lA1,1,1.6666666666666667,75,90
VZ9gJa,2,2.3333333333333335,400,1500
pL0a6b,1,1.6666666666666667,400,40
DVXQWR,5,1.6666666666666667,400,0
LdEljG,2,1.6666666666666667,200,0
xd0KbG,0,1.0,75,60
9d6Vk4,1,1.0,75,40
pL0apZ,1,1.6666666666666667,750,540
rl077p,0,0.3333333333333333,10,0
WAeyxR,1,1.6666666666666667,1250,240
GroWMQ,2,1.0,750,540
aBjVYE,1,1.0,1250,35
KMPbbz,2,1.0,400,75
dYZr5V,4,2.3333333333333335,400,685
yl0L7g,2,3.0,200,600
eBNkMk,0,1.0,200,35
YZo82z,3,2.3333333333333335,10,90
YZoN0J,2,0.3333333333333333,750,575
0EbX29,3,1.0,200,585
24bQXD,1,1.6666666666666667,200,40
bl2bV6,1,3.0,35,690
7dJ62P,2,1.6666666666666667,200,150
DVXgkZ,2,1.6666666666666667,75,0
PA2VO5,4,1.6666666666666667,750,575
24bQeL,1,0.3333333333333333,750,0
YZo8eB,2,1.6666666666666667,200,0
6d1adB,3,1.6666666666666667,1250,75
J2V52d,1,0.3333333333333333,35,35
XeRXyj,2,2.3333333333333335,750,580
421eNB,1,1.0,35,535
VZ92Pg,2,2.3333333333333335,400,500
yl0Vvp,2,1.0,750,150
QAxPXX,1,0.3333333333333333,75,730
aBj7lZ,1,1.0,750,150
dYZBeq,2,1.6666666666666667,750,540
PA2VP1,2,5.0,1250,0
qbY0XG,1,1.6666666666666667,750,535
7dJ6OZ,0,0.3333333333333333,10,585
rl0zbN,2,3.0,750,35
8dJ7Bx,2,1.0,200,500
bl2bP2,1,1.6666666666666667,1250,625
WAev9L,1,1.6666666666666667,1250,75
OAjWlM,2,3.0,1250,0
421gB5,3,1.0,1250,40
NA4epN,4,1.0,400,650
jB0OZ1,3,3.0,1250,540
RzZ70j,2,1.0,1250,35
dYZ5bD,1,1.6666666666666667,35,540
LdERNp,3,1.0,400,540
vN0QGX,2,3.0,1250,635
PA2VKd,1,1.6666666666666667,750,90
VZ9k9a,2,1.6666666666666667,750,150
6d1XRP,2,5.0,1250,500
ZdGpev,5,1.6666666666666667,400,540
g5QRJ1,0,2.3333333333333335,750,1100
0EbpD0,2,3.0,1250,590
421ga5,4,0.3333333333333333,75,500
0EbpkQ,2,5.0,750,590
KMPqxg,1,1.0,200,60
VZ92pM,3,5.0,1250,500
QAx6zA,2,1.6666666666666667,1250,60
ZdGpJo,1,1.0,750,0
24bMRg,1,1.0,1250,60
EPB4Pr,2,2.3333333333333335,750,590
yl0Wkd,0,1.0,400,590
dYZ5VV,2,1.6666666666666667,750,540
7dJ852,2,1.6666666666666667,75,40
VZ9ky6,3,3.0,1250,540
0EbpWj,3,2.3333333333333335,1250,0
yl0W8X,2,1.6666666666666667,400,190
PA2aJe,1,2.3333333333333335,750,540
5dly0Z,0,0.3333333333333333,10,40
VZ9kRv,0,0.3333333333333333,10,0
ZdGpqy,2,2.3333333333333335,400,500
rl0zKv,2,1.0,35,100
24bM69,1,1.0,200,500
24bMXM,2,1.6666666666666667,750,600
24bMBM,3,1.0,35,40
24bMKD,0,0.3333333333333333,10,500
eBNdrx,2,5.0,75,775
5dlyld,1,1.6666666666666667,400,0
rl0XqM,3,2.3333333333333335,400,580
Al6V2y,2,1.0,200,130
0EbpQP,4,3.0,1250,500
ZdG06a,2,1.6666666666666667,1250,0
EPB2aL,2,1.0,75,35
bl2BVe,2,1.0,75,540
XeRVlO,2,0.3333333333333333,750,60
RzZXGp,1,1.0,200,590
dYZLxV,2,2.3333333333333335,400,50
NA4KXN,1,1.6666666666666667,200,0
LdEAbJ,2,1.6666666666666667,1250,35
jB0dQ1,2,2.3333333333333335,1250,0
LdEAEv,1,2.3333333333333335,200,0
EPBjLB,0,1.6666666666666667,75,590
xd0kZv,2,3.0,75,75
421WvY,1,1.0,400,500
J2VaJR,2,1.6666666666666667,1250,90
xd0kly,2,1.0,75,40
aBjb9E,3,1.6666666666666667,1250,540
24bqRp,1,5.0,1250,50
RzZXbd,1,1.0,750,35
dYZLJV,1,1.6666666666666667,400,665
ZdG4ya,1,0.3333333333333333,75,40
RzZX9K,2,1.6666666666666667,75,0
24bqlL,4,0.3333333333333333,75,0
BGLOW1,1,1.0,35,40
421W6r,1,1.0,200,40
kY0D2o,1,1.0,1250,540
qbYx9g,1,1.0,75,0
XeOlxj,1,1.0,1250,40
pL0jMZ,2,1.0,400,0
AlWPBB,2,1.0,750,40
blNVVL,3,1.6666666666666667,400,190
xd9xaJ,2,1.0,1250,500
5dEKdb,1,1.0,400,540
MA8KaY,2,1.6666666666666667,1250,150
WAeGGN,1,1.6666666666666667,400,540
9d2GlK,0,1.0,200,240
24O8PA,3,1.6666666666666667,750,590
jBGDW1,3,1.0,750,40
VZoE4y,3,1.0,1250,575
XeRVRg,0,0.3333333333333333,75,540
yleZ08,1,1.0,35,35
VZoEby,3,2.3333333333333335,400,50
g5WjNP,0,0.3333333333333333,400,690
Rz8KZK,1,1.0,75,210
Ld51Vj,2,1.6666666666666667,75,500
QA82OG,1,1.0,400,500
vNqjz0,2,1.0,1250,40
J28KbJ,2,1.0,400,540
kYOaKo,2,3.0,400,40
blNVJE,2,1.6666666666666667,200,500
1rGP7O,0,1.6666666666666667,750,535
OA81vM,2,1.6666666666666667,1250,35
OA81RM,2,1.6666666666666667,400,90
YZVD76,2,1.6666666666666667,1250,150
OA81MA,2,1.6666666666666667,1250,650
PA8jVx,0,1.0,75,500
MA8K0E,1,0.3333333333333333,750,75
qbjZNG,2,1.6666666666666667,400,630
42PXe5,2,1.6666666666666667,1250,1110
8djo9k,1,1.6666666666666667,75,40
xd9x9d,1,1.0,35,35
zKWXVZ,1,1.0,200,40
OA8Dag,0,0.3333333333333333,400,40
5dEBbE,3,0.3333333333333333,1250,500
42PXVo,1,0.3333333333333333,750,35
eB9qre,2,1.6666666666666667,1250,540
dYQWYA,2,2.3333333333333335,400,150
g5WD9l,2,5.0,1250,35
Ld51Zj,1,1.6666666666666667,750,90
42P41o,1,1.0,200,40
PA8dEQ,2,3.0,400,150
VZoLb6,0,0.3333333333333333,10,540
aBZQA2,2,1.6666666666666667,400,550
OA8Dka,2,0.3333333333333333,35,540
g5WDkJ,1,0.3333333333333333,75,600
oAlb5N,2,1.6666666666666667,750,0
8dj16r,1,1.6666666666666667,1250,800
QA8KkY,1,1.6666666666666667,200,100
rl2jYo,1,0.3333333333333333,10,775
EP8kYr,2,1.0,200,100
ylePpg,2,1.0,75,230
8dj1jk,2,1.0,200,0
6dr8pN,1,1.6666666666666667,1250,90
PA8dLV,2,1.6666666666666667,750,40
DV04PZ,0,0.3333333333333333,10,190
9d2qaV,1,0.3333333333333333,10,0
PA8jy5,2,1.0,75,560
XeOxkY,1,1.6666666666666667,750,535
AlW7kW,3,2.3333333333333335,400,540
g5WDB1,2,1.6666666666666667,400,140
VZoLrE,1,3.0,200,665
QA8Kgl,1,1.6666666666666667,75,0
YZVjaW,2,1.6666666666666667,750,90
24OEMb,0,0.3333333333333333,200,500
Rz8GXv,0,0.3333333333333333,35,40
vNqjL4,1,1.0,10,100
zKWxaE,1,1.6666666666666667,1250,540
aBZQ8y,0,0.3333333333333333,10,100
NA8q7O,1,3.0,750,40
eB955Q,3,1.0,35,265
dYQb6K,1,1.6666666666666667,1250,0
aBZNLW,2,3.0,400,540
jBGe9E,2,3.0,750,80
rl2y5l,0,1.0,400,40
KM8plV,1,1.0,200,40
ZdP9R0,1,0.3333333333333333,10,40
rl2DLl,0,1.0,1250,40
aBZOZ9,2,1.0,75,0
pL4eJZ,1,2.3333333333333335,1250,35
42Pazo,2,0.3333333333333333,1250,540
9d2N4K,2,1.6666666666666667,1250,50
XeO52V,2,1.6666666666666667,750,540
EP8qA2,1,2.3333333333333335,750,225
EP8zro,0,0.3333333333333333,1250,630
AlWPgo,2,1.0,75,40
AlWrjN,3,5.0,400,540
aBZOvy,2,1.0,1250,0
xd9xzr,1,1.0,75,540
VZopvE,1,1.0,750,150
eB9ZWo,0,0.3333333333333333,10,35
24Ojye,0,1.0,1250,0
8djNDz,1,1.0,200,500
eB95oJ,2,1.0,10,1000
Rz8Wyj,3,1.6666666666666667,200,535
PA8RQB,2,2.3333333333333335,400,230
blN5jL,2,1.0,400,250
5dEXJ6,2,1.0,75,40
xd9x8J,2,1.0,75,35
vNqX5D,2,3.0,200,100
XeO56Y,1,1.6666666666666667,1250,100
xd9Vbv,0,0.3333333333333333,10,585
pL4eYB,1,1.0,400,500
NA8qGQ,3,2.3333333333333335,1250,60
0EoV9y,0,0.3333333333333333,10,540
DV0q8R,1,0.3333333333333333,75,100
QA8oy1,2,1.6666666666666667,400,0
6drDoB,1,1.0,400,75
VZopRa,5,1.6666666666666667,750,600
aBZ95W,0,1.0,10,125
9d2GA1,3,1.6666666666666667,750,540
GrY6x2,2,1.0,200,200
g5WaaK,3,1.0,200,60
BG8EjA,4,1.6666666666666667,400,50
aBZ9GX,1,1.0,1250,130
aBZOMB,1,1.6666666666666667,200,40
jBGZ74,2,1.0,400,540
rl2Djp,5,2.3333333333333335,400,40
zKWjyE,1,1.6666666666666667,400,60
9d2BvV,3,3.0,1250,590
GrY6re,2,1.0,750,150
OA8aLg,2,5.0,1250,40
NA8rA0,0,0.3333333333333333,10,1000
5dEbDb,3,1.6666666666666667,750,60
jBGZBQ,0,0.3333333333333333,10,60
GrY6JZ,3,3.0,1250,60
yleXOB,2,1.6666666666666667,750,85
OA8akK,2,1.0,400,40
jBGZvR,1,1.6666666666666667,750,590
GrY6Xp,3,1.6666666666666667,750,90
zKWjd1,1,0.3333333333333333,200,500
Ld59k1,3,2.3333333333333335,400,0
MA81dX,5,3.0,1250,90
5dEbNZ,2,1.6666666666666667,1250,40
6drDqP,1,0.3333333333333333,400,110
1rGXe1,2,3.0,750,60
PA8pVV,4,0.3333333333333333,750,100
lNVBok,2,2.3333333333333335,400,40
PA8pVe,2,0.3333333333333333,10,535
zKWNxa,3,1.6666666666666667,1250,540
0Eo7O0,1,1.6666666666666667,750,60
VZojZl,2,1.6666666666666667,10,540
NA8DVN,2,1.0,750,540
7d4bx9,2,1.0,400,500
qbjab8,1,1.0,200,0
jBGby9,0,1.0,200,35
zKWNKE,1,1.0,400,35
Ld5zz1,4,2.3333333333333335,1250,80
dYQN8K,2,3.0,400,540
rl2Bgl,2,1.0,750,540
5dE4eE,2,1.6666666666666667,75,80
QA8Mk7,2,1.6666666666666667,750,0
g5WD6d,1,1.0,400,90
jBGaVR,2,3.0,400,600
Rz8dZK,0,0.3333333333333333,10,140
42PBdO,1,1.0,200,40
GrYxZ2,1,1.0,400,540
GrYKgp,1,1.0,1250,40
NA8Ddl,1,1.6666666666666667,75,75
DV0Kbq,3,5.0,1250,85
oAlDkx,2,1.6666666666666667,1250,580
kYOb9r,1,3.0,200,540
OA8lg7,1,1.0,200,0
VZoGJ6,0,2.3333333333333335,10,580
VZojqJ,1,1.6666666666666667,200,60
42PQRd,1,0.3333333333333333,75,540
qbja4Y,2,1.6666666666666667,400,590
Rz8KWd,1,1.6666666666666667,750,580
VZoL46,5,2.3333333333333335,200,50
WAl9ee,2,1.0,1250,1090
PA8Dq0,1,0.3333333333333333,35,190
5dE4Ab,3,1.0,750,140
oAlD8M,0,0.3333333333333333,10,0
1rGk8b,3,2.3333333333333335,400,540
rl2BZL,1,1.0,750,590
PA815b,4,1.0,400,575
WAlEEN,2,1.6666666666666667,200,640
NA8lDl,2,1.0,1250,540
qbjDWk,1,1.0,750,35
XeOJMV,2,1.0,200,100
1rGdKM,1,1.6666666666666667,10,0
WAlrbP,2,1.6666666666666667,750,60
7d4L12,1,1.0,750,40
J28p8z,5,1.0,75,130
pL4y4y,3,1.0,200,60
DV0kER,2,1.6666666666666667,200,40
AlW2vk,2,3.0,200,0
EP8dVX,1,1.0,200,90
oAleL1,3,2.3333333333333335,1250,100
NA8l2Q,4,1.6666666666666667,750,100
8djaYO,1,1.6666666666666667,1250,575
6drjXo,3,1.0,75,500
PA81MP,2,3.0,750,0
EP8d7o,1,2.3333333333333335,1250,730
1rGdqL,2,1.6666666666666667,1250,40
xd9Dxk,2,1.0,10,500
BG8pae,3,2.3333333333333335,750,540
pL4y8E,2,3.0,750,100
24OABe,1,5.0,400,500
ZdPO2B,2,1.0,400,40
kYOGdZ,2,1.6666666666666667,400,40
eB9rLO,2,1.0,750,40
pL4or1,2,1.6666666666666667,400,60
dYQ0DA,1,0.3333333333333333,10,580
5dE9EP,4,1.0,750,540
8djLyl,4,1.6666666666666667,200,35
0Eo859,2,2.3333333333333335,200,0
9d2Zp1,1,1.0,200,40
oAlRqe,2,1.0,750,115
6drK0J,1,2.3333333333333335,35,0
lNVO4V,2,1.0,400,190
AlWp9o,4,1.0,35,540
EP8lO4,1,1.6666666666666667,400,40
g5Wqll,2,1.0,1250,40
8djL45,1,1.0,200,580
rl2oD5,1,1.6666666666666667,200,50
XeO40z,4,5.0,1250,575
oAl26X,0,2.3333333333333335,750,50
NA87DN,2,3.0,75,730
MA8Ezl,1,1.6666666666666667,400,140
5dE9DN,1,1.0,35,40
jBGlx4,2,1.0,200,35
GrYRLk,2,1.6666666666666667,200,60
GrYR0k,1,1.6666666666666667,400,0
OA8787,2,1.6666666666666667,10,500
24OKL9,2,1.0,200,75
VZozlM,1,0.3333333333333333,10,540
vNqPqv,1,1.0,400,690
kYONrJ,2,1.6666666666666667,1250,40
aBZ2lE,2,2.3333333333333335,1250,580
BG8xbQ,0,1.0,400,100
AlWB5N,4,1.6666666666666667,1250,80
Rz8D9K,2,1.0,200,40
jBGl1a,2,1.6666666666666667,75,600
AlWB1D,2,2.3333333333333335,750,35
24OK29,2,1.0,200,100
g5WGdN,0,0.3333333333333333,75,40
7d4xXA,2,1.0,200,150
ZdPaNA,0,1.0,200,35
ZdPadA,3,0.3333333333333333,35,540
eB9R6J,2,2.3333333333333335,750,585
VZoJ4g,2,3.0,1250,115
ZdPaGe,1,0.3333333333333333,200,40
zKWYR1,3,1.6666666666666667,200,540
1rGV6p,1,1.0,400,540
BG87r1,1,0.3333333333333333,10,540
PA8OJ0,2,1.0,200,540
QA8V6X,5,2.3333333333333335,1250,40
WAlzbQ,2,1.6666666666666667,200,60
vNqyev,1,1.6666666666666667,10,35
aBZY5v,2,1.6666666666666667,400,60
8djQeY,2,1.6666666666666667,400,150
9d2D11,1,0.3333333333333333,200,0
PA8595,2,1.0,1250,580
XeOWRe,2,2.3333333333333335,400,40
42PxP5,2,1.6666666666666667,1250,35
oAlMgx,1,1.0,1250,595
6dr2Be,0,1.0,200,40
42PxMB,2,1.0,1250,590
zKWDg0,1,1.0,750,0
6dr2lO,0,0.3333333333333333,10,225
EP8WgN,2,1.0,400,540
Ld5WAz,0,0.3333333333333333,75,60
jBGQK9,1,1.0,1250,190
7d4Ng6,0,0.3333333333333333,10,1590
NA86q0,1,1.6666666666666667,200,1040
rl2AgR,1,1.0,35,75
NA86AB,3,1.6666666666666667,35,175
24Oeej,2,1.0,200,1710
zKWD61,3,1.0,75,40
Ld5b5O,2,2.3333333333333335,400,540
24OerL,1,1.6666666666666667,1250,590
QA8DA8,3,2.3333333333333335,400,540
Rz80VP,1,1.0,200,540
AlWd4N,1,1.0,750,115
8djKEr,2,2.3333333333333335,1250,575
24OeoM,0,0.3333333333333333,10,0
yle6oW,1,2.3333333333333335,200,575
NA8oKO,2,3.0,200,540
5dEzOQ,3,3.0,1250,80
0Eox59,2,2.3333333333333335,1250,100
Rz80kv,2,1.6666666666666667,750,75
7d4WYR,1,1.6666666666666667,400,100
oAlyxN,2,1.6666666666666667,200,50
OA8zZg,3,2.3333333333333335,750,190
1rGlOb,2,1.0,1250,500
GrYz2j,2,2.3333333333333335,1250,0
PA8Add,2,1.6666666666666667,400,535
dYQ6Jo,1,1.0,400,575
aBZBNE,2,2.3333333333333335,200,130
jBGB6Y,1,1.6666666666666667,750,540
ylelXW,2,1.6666666666666667,400,35
AlWdeD,0,0.3333333333333333,10,250
ylelvg,3,3.0,750,80
VZoZvv,0,0.3333333333333333,10,540
qbjbj7,1,0.3333333333333333,200,540
Rz8zrp,0,0.3333333333333333,10,690
oAlALb,2,1.0,750,650
ylelyX,1,2.3333333333333335,1250,190
42P20r,3,1.6666666666666667,1250,600
1rGVNl,2,1.0,200,75
ylelbd,1,1.0,35,500
YZVORq,4,1.6666666666666667,1250,75
24OkKb,2,5.0,75,125
dYQAjr,3,1.6666666666666667,1250,90
YZVOYN,1,3.0,75,0
DV010Z,1,2.3333333333333335,750,90
KM8oBX,4,3.0,1250,40
g5WA1N,4,1.0,200,0
8djkWx,1,1.6666666666666667,1250,60
GrY142,0,1.0,10,540
Ld5GRl,2,3.0,1250,50
PA8Exx,3,1.6666666666666667,1250,140
7d4ZRR,2,1.0,200,165
0EoPBN,2,1.0,400,600
eB9EEo,1,1.6666666666666667,200,580
24OrLb,0,0.3333333333333333,400,230
YZVdVv,0,0.3333333333333333,10,100
J280BR,2,1.6666666666666667,1250,50
oAlO1e,2,1.6666666666666667,400,240
xd9Z7o,3,5.0,750,40
yleDb4,1,1.6666666666666667,750,0
7d4NML,2,1.6666666666666667,200,0
QA80QA,1,1.6666666666666667,1250,40
KM80XK,1,1.6666666666666667,400,0
8djGNl,2,1.0,200,540
oAlOxx,5,1.0,400,500
oAloDO,0,0.3333333333333333,10,800
OA80vA,2,1.0,200,0
Rz8L7Q,3,2.3333333333333335,400,40
0EoLb0,3,2.3333333333333335,200,140
GrYLqQ,2,1.0,200,75
zKWJ7k,2,1.6666666666666667,200,540
dYQjYd,2,2.3333333333333335,1250,550
AlWDde,1,1.0,750,0
WAlYYN,0,0.3333333333333333,10,540
5dEvMP,2,1.6666666666666667,200,500
dYQjpN,4,1.6666666666666667,750,540
EP8Dr2,1,0.3333333333333333,400,90
OA8Yxa,1,0.3333333333333333,1250,540
eB92Gx,2,1.6666666666666667,75,35
GrYDNp,1,1.6666666666666667,200,35
NA8Yvp,1,1.6666666666666667,400,100
kYOWV1,3,1.6666666666666667,750,500
qbjKvY,0,1.0,200,1040
DV0JEj,3,5.0,200,50
pL472P,3,1.0,1250,690
yleEB8,1,1.0,750,580
42PoWY,1,1.0,1250,540
0Eo8pZ,2,1.6666666666666667,200,540
NA805j,1,1.0,1250,90
zKWQja,2,1.0,200,540
42PN8B,3,1.6666666666666667,400,540
42PN2B,2,1.0,750,100
GrYBJQ,1,1.0,75,500
VZo1bM,1,5.0,400,540
EP8bar,2,1.0,750,685
8djpW5,2,1.0,75,40
kYORko,2,1.6666666666666667,75,630
VZo1BJ,2,3.0,400,130
J28kGo,1,1.0,200,790
vNqxbv,2,1.6666666666666667,1250,500
vNqxp0,1,1.0,400,90
AlWbko,4,3.0,750,590
0EojW0,2,5.0,750,80
VZo1el,1,3.0,750,40
lNVlPX,2,1.6666666666666667,200,540
Ld5MLO,0,1.0,10,200
XeOBKz,3,1.6666666666666667,750,540
xd90dy,1,1.6666666666666667,1250,0
jBG0la,2,1.6666666666666667,35,540
vNq0Xl,0,0.3333333333333333,200,40
XeORJY,2,1.6666666666666667,1250,40
6dr1OO,2,3.0,10,0
GrYoqQ,3,1.6666666666666667,400,0
VZo946,1,1.0,750,235
1rGbOg,1,1.0,400,40
AlW6Nz,1,2.3333333333333335,400,145
eB9Nlk,2,1.6666666666666667,400,40
PA82QV,1,1.6666666666666667,75,60
VZo91E,2,1.0,75,40
J288qz,1,1.6666666666666667,400,60
Rz88xv,0,1.0,10,0
24OOAe,0,1.0,75,540
xd99Ny,3,1.6666666666666667,1250,580
DV00VZ,1,1.6666666666666667,750,590
vNqq14,2,1.6666666666666667,750,275
xd99Gr,2,1.6666666666666667,75,600
7d4JOR,1,1.0,1250,500
5dE89b,2,1.6666666666666667,400,40
VZovVj,0,0.3333333333333333,10,0
42PAoA,1,1.6666666666666667,75,0
YZVpBz,1,0.3333333333333333,75,500
aBZAYE,2,1.6666666666666667,200,0
5dEeb6,2,3.0,1250,125
aBZK8b,1,3.0,1250,90
7d4aDz,2,1.0,1250,40
zKWGyq,2,0.3333333333333333,35,540
aBZAD2,3,5.0,200,35
BG8jLe,1,1.6666666666666667,400,540
6drWyB,0,1.0,10,540
NA8Mj0,5,1.0,1250,500
GrYq4p,1,1.0,10,165
aBZAWW,3,2.3333333333333335,400,590
jBGkaJ,0,0.3333333333333333,10,90
8djRol,0,1.0,10,750
g5WkQK,2,2.3333333333333335,1250,75
vNqdzg,1,1.0,400,540
PA8GWe,2,1.6666666666666667,400,130
zKWLyk,2,2.3333333333333335,400,625
eB9v7O,2,1.0,400,0
YZVkOB,2,1.0,75,35
blNvR1,2,1.0,1250,75
lNVvz6,2,1.0,400,150
QA8kPp,1,1.0,1250,0
0EoaXN,2,2.3333333333333335,750,0
9d24ZK,1,1.0,750,0
24O70L,0,0.3333333333333333,75,500
lNVv5V,1,0.3333333333333333,1250,40
BG8eRe,2,1.0,75,590
KM8R9z,1,1.6666666666666667,200,60
jBGgEQ,1,2.3333333333333335,200,40
7d4jzR,2,3.0,10,550
0EolEy,2,1.6666666666666667,750,0
24OZrj,2,1.0,1250,40
GrYyv2,1,1.6666666666666667,400,575
oAlpr1,1,1.6666666666666667,1250,60
blNyVg,2,1.0,400,540
DV0Py5,1,5.0,1250,90
MA82rp,2,1.6666666666666667,1250,580
KM8718,2,2.3333333333333335,1250,90
DVABNq,2,1.6666666666666667,75,560
aBK9lZ,3,3.0,1250,75
7d1qYZ,2,5.0,1250,75
aBK5GX,1,1.6666666666666667,200,100
241AGA,1,1.0,400,540
eBKaMk,2,1.0,400,0
AlAB5z,2,1.6666666666666667,750,110
zK2YQq,1,0.3333333333333333,75,1040
dYKdod,2,1.0,400,210
7d1xrR,2,1.6666666666666667,400,110
aBKYRX,2,1.6666666666666667,750,60
oAKMjb,2,1.6666666666666667,1250,500
jB5yQ9,2,1.0,200,580
oAKBJe,3,1.0,200,40
eBKAGk,3,2.3333333333333335,1250,500
KMv6KK,3,1.6666666666666667,35,150
KMvLNM,2,2.3333333333333335,400,35
lNKWjB,2,1.6666666666666667,750,575
9dpvKG,1,1.0,1250,1540
0E1vgN,2,2.3333333333333335,750,150
OAdJzR,1,1.0,10,500
pLRWYb,1,1.0,750,1500
5d8GLd,1,0.3333333333333333,400,35
241vE9,3,1.0,1250,0
rlGraX,1,1.6666666666666667,400,0
KMvJZX,1,1.0,750,590
BGADYN,2,3.0,1250,600
g5YNYd,1,1.6666666666666667,750,500
YZpzy0,2,3.0,1250,90
OAdBMa,2,1.6666666666666667,400,40
dYK2oV,1,1.6666666666666667,400,40
J2XkXd,2,2.3333333333333335,1250,540
vNE0Y8,2,1.0,400,600
DVAXPb,1,1.6666666666666667,400,150
EPv8WN,2,1.6666666666666667,750,590
YZpVlq,2,1.6666666666666667,750,535
jB5MEY,2,1.6666666666666667,200,540
42AA2k,3,2.3333333333333335,400,40
g5YW51,1,1.0,750,740
1rDDZO,1,1.6666666666666667,400,540
qboJdg,2,1.0,200,35
0E11K6,1,1.0,200,600
pLRJ9y,2,2.3333333333333335,200,35
QAvzjk,2,1.0,35,100
EPvZjN,3,1.0,1250,600
xd4RKr,4,2.3333333333333335,750,90
42Ap4O,1,1.6666666666666667,750,0
0E1D5Z,2,0.3333333333333333,75,540
g5YkOd,3,1.0,35,60
ZdvD8z,2,2.3333333333333335,200,560
lNKMov,2,1.6666666666666667,400,540
rlGJKR,2,1.6666666666666667,750,540
RzvkQl,2,1.6666666666666667,200,80
241oZD,2,1.6666666666666667,200,540
Xe1QPj,4,1.0,200,40
MAvG7g,1,0.3333333333333333,1250,190
QAv458,1,1.0,10,0
KMvO2z,2,1.0,1250,190
8dAEWk,2,1.6666666666666667,1250,540
VZvdYN,1,0.3333333333333333,1250,40
BGADV5,2,2.3333333333333335,1250,0
yljg5d,4,1.6666666666666667,750,35
pLR9Z1,2,1.0,750,190
pLR1jb,1,1.6666666666666667,400,100
g5YxdK,2,1.6666666666666667,1250,500
7d1ge9,2,1.0,400,60
oAKaVP,4,0.3333333333333333,75,40
ZdvLxe,1,1.0,75,210
lNK9jV,1,0.3333333333333333,200,40
Xe1dzY,2,2.3333333333333335,1250,35
pLRNKb,1,0.3333333333333333,10,0
zK2AN0,1,1.0,35,500
LdvjJ2,2,5.0,400,540
DVAoQj,2,1.6666666666666667,400,40
xd4bKy,2,1.0,750,40
blKRbo,4,2.3333333333333335,1250,60
xd48r9,2,1.6666666666666667,1250,0
9dp0bY,1,1.0,400,800
Rzvqrp,0,0.3333333333333333,10,80
GrXOqp,2,1.0,200,80
0E1qKB,1,1.0,75,40
7d1rKL,1,1.0,35,150
Zdvr9y,1,1.0,200,540
vNE5Og,2,1.6666666666666667,75,40
8dA45x,0,0.3333333333333333,10,600
Xe1PKP,2,1.0,200,0
g5Y6KP,3,3.0,750,540
pLR20y,1,1.0,10,575
RzvqeQ,1,1.6666666666666667,10,0
8dAB1r,1,1.0,750,580
OAd2ZY,1,1.0,400,375
kYK2lj,1,1.0,35,685
RzvADQ,2,2.3333333333333335,75,580
9dp82p,2,2.3333333333333335,750,40
pLRElV,0,1.0,400,540
241pJj,2,2.3333333333333335,750,0
jB5KdJ,2,2.3333333333333335,400,540
eBKxvq,2,1.6666666666666667,1250,150
dYKPVN,3,2.3333333333333335,400,0
GrYYvz,1,3.0,750,90
jB5Ne4,2,1.6666666666666667,200,575
5d8Rbo,2,1.6666666666666667,750,40
7d1GbZ,2,1.6666666666666667,750,150
OAdOL8,1,1.0,1250,90
xd4kxy,3,1.0,750,200
g5YRyl,2,1.0,1250,60
Xe1KVj,2,1.0,400,500
VZvREv,2,1.0,35,0
zK2p0M,1,2.3333333333333335,1250,40
J2XaDr,2,3.0,1250,540
pLRj4B,3,1.0,200,75
VZvRWl,1,2.3333333333333335,1250,540
blY5eZ,2,1.6666666666666667,400,60
lNYaNN,3,1.6666666666666667,750,60
WAKOvP,0,0.3333333333333333,10,75
8d6Nxl,2,1.6666666666666667,200,740
QAz1z7,1,1.0,750,0
PAbpo1,1,1.0,75,0
oA5EQ1,1,1.0,200,40
KMW55V,2,1.0,400,60
Zd1Eao,1,1.0,35,80
VZbQlv,4,3.0,400,540
rlJOM2,1,1.0,200,240
NAbX0l,1,1.6666666666666667,1250,600
DVxplq,1,1.0,400,40
blYW2Z,1,1.0,400,840
eB0aEx,0,0.3333333333333333,1250,40
vNJP54,2,1.0,400,0
RzbPjj,2,2.3333333333333335,1250,500
oA5GOM,1,1.0,75,540
Al4vRB,3,3.0,1250,540
9dRQYG,2,1.6666666666666667,200,35
24lNeL,1,1.6666666666666667,200,500
9dRDjY,1,1.0,750,90
NAb6Pb,3,2.3333333333333335,1250,75
dY86Dq,2,1.0,400,50
vNJA6l,3,2.3333333333333335,750,540
OAbzv7,1,1.6666666666666667,750,540
eB0BZq,2,1.0,200,540
BGjXPN,0,0.3333333333333333,10,500
9dRdbV,3,1.6666666666666667,75,60
DVx1aR,1,1.0,1250,665
J2eDgY,0,0.3333333333333333,400,575
Xe8YXY,1,2.3333333333333335,750,500
VZbMby,2,2.3333333333333335,400,130
RzbJ9v,1,1.0,750,630
VZb1Wv,1,2.3333333333333335,1250,540
xdR4ro,1,1.0,200,780
PAbvbe,1,1.0,750,540
rlJGpv,1,1.0,750,75
VZbv6N,0,0.3333333333333333,75,50
24l1RL,1,1.0,1250,540
OAbV78,3,3.0,1250,40
g5JybJ,1,1.0,400,40
42p4kd,4,1.0,75,40
42paed,2,0.3333333333333333,200,40
eB0ezx,2,1.6666666666666667,75,40
Ld69rj,1,1.6666666666666667,200,75
aBaYav,1,1.0,200,540
DVZNMN,1,0.3333333333333333,200,0
eBYArx,2,1.0,200,575
AljJve,2,5.0,1250,0
J2WRlr,5,1.6666666666666667,1250,0
7dpxRz,3,1.6666666666666667,200,580
PAGExV,1,1.0,750,625
PAG05P,0,0.3333333333333333,200,540
8dRe5Y,1,5.0,750,60
RzVLkd,2,1.6666666666666667,75,75
Xe2EGV,2,5.0,400,0
42pjyB,4,1.6666666666666667,400,590
GrQL1z,2,2.3333333333333335,750,60
qbkKrG,2,2.3333333333333335,400,500
rlkdNv,1,1.0,35,35
GrQYrj,2,1.6666666666666667,1250,540
bl6Nr2,1,1.0,1250,540
8dRAxz,1,1.6666666666666667,750,0
lNMvqk,0,0.3333333333333333,10,540
ZdZWkv,1,1.0,200,0
dYkpxA,3,1.6666666666666667,1250,35
0EDlP0,1,1.0,1250,590
42pdPB,1,1.0,200,130
zK1oKM,2,1.0,200,500
24Dylp,1,0.3333333333333333,200,40
QAOaNl,2,1.6666666666666667,750,540
KMaZGk,5,1.0,1250,0
24DYOb,2,1.0,750,150
KMa2YK,2,1.0,1250,125
dYkJoN,3,2.3333333333333335,750,0
blYxP2,2,1.6666666666666667,75,40
24DOYj,2,1.0,750,540
dYkydo,1,1.6666666666666667,75,40
RzVOOv,2,1.0,400,60
yldOGB,3,3.0,400,150
oAkX95,5,1.6666666666666667,1250,240
Ld6lQ2,5,1.0,1250,500
aBa8l9,1,1.0,35,590
qbkxdk,2,0.3333333333333333,200,500
lNMoMv,2,1.6666666666666667,75,100
J2Wa7X,1,1.6666666666666667,10,40
7dMLqa,1,1.6666666666666667,10,165
MAMNrY,2,1.0,750,550
BG0pZK,1,1.0,400,1000
VZDzDg,2,1.6666666666666667,400,90
J2M4vz,2,1.6666666666666667,750,0
lNvxGB,1,1.6666666666666667,200,100
jBv18R,1,1.0,750,75
42zgZb,3,2.3333333333333335,400,40
BG0OK1,2,1.0,1250,40
kYzalJ,2,1.6666666666666667,400,1040
42OQ7r,4,3.0,1250,0
NAPD6p,1,1.6666666666666667,1250,40
zKdykZ,2,2.3333333333333335,10,540
RzjoPd,2,1.0,200,75
Grb9O2,1,1.0,75,100
g5z9gM,2,1.0,1250,1000
OAE5V7,1,1.0,200,540
5dVzNP,2,1.6666666666666667,400,210
DVaVJ5,0,1.0,750,1000
7dEobZ,3,1.6666666666666667,400,100
vNzL7d,0,1.0,750,40
GrbJYp,1,0.3333333333333333,10,550
Al96kN,2,1.6666666666666667,1250,85
Al9jbl,2,1.0,400,40
24oDgL,1,0.3333333333333333,200,75
blzzoL,2,1.6666666666666667,750,540
DVaWjl,2,2.3333333333333335,1250,150
KMGOe7,0,1.6666666666666667,400,35
blzgY1,1,1.6666666666666667,35,60
KMGOjK,0,5.0,1250,35
LdOgG1,1,1.6666666666666667,1250,1595
yl1GZ8,1,1.0,200,0
Zdegkz,2,1.6666666666666667,200,500
BGe5v5,2,1.6666666666666667,1250,0
eBz8bE,0,1.0,200,540
xdz8yk,1,1.0,400,40
0EkEeB,2,1.6666666666666667,750,40
QA4GOY,1,1.6666666666666667,750,500
9d4eBQ,2,0.3333333333333333,75,500
rlYNrp,0,0.3333333333333333,75,540
8dEazr,3,2.3333333333333335,400,60
DVWzjb,0,1.0,75,40
oAxM95,4,1.6666666666666667,75,500
jBEq21,2,3.0,1250,85
QAEpMA,5,1.0,10,540
xd67ZE,1,1.0,750,800
OAVNZK,1,1.0,400,540
jBEVgx,1,1.0,400,500
aBlMgq,2,1.0,200,40
oAxPWX,2,1.6666666666666667,400,50
qbN99Y,1,1.0,200,575
Ldo8Pz,3,1.6666666666666667,200,150
0EAKN6,0,0.3333333333333333,200,230
J2BN4o,1,1.0,400,80
xdgr4o,3,1.0,400,60
LdVpav,3,1.0,1250,540
BG67VA,2,0.3333333333333333,35,540
Xe90az,5,5.0,1250,35
1rO7Wp,1,1.0,1250,80
kYgAej,2,3.0,750,80
1rOvvQ,3,1.6666666666666667,10,500
1rOvMQ,1,1.0,200,75
Rz2JQv,3,1.6666666666666667,200,580
ZdWzBV,1,1.6666666666666667,200,590
pL54N8,0,3.0,10,500
QAjOAg,2,0.3333333333333333,200,540
PA44VP,2,1.0,10,40
vNgpPD,2,1.0,10,150
g5ggRM,1,1.6666666666666667,400,40
rlgbDN,2,1.0,200,600
0EGYe9,1,1.0,750,1035
